cuid,created_at,provider,model,survey,temperature,input_tokens,output_tokens,prompt_uid,C1,C2,C3,C4,C5,C6,C7,C8,C9,C10,C11,C12,C13,C14,C15,C16,C17,C18,C19,C20,C21,C22,C23,C24,C25,C26,C27,C28,C29,C30,C31,C32,C33,C34,C35,C36,C37,C38,C40,C41,C42,C43,C44,C45,C46,C47,C48,C49,C50,P1,P2,P3,P4,P5,P6,P7,P8,P9,P10,R,C39
29a02709-1290-4f24-a59a-f4d99559034c,2025-09-30T12:30:33Z,anthropic,claude-sonnet-4-5-20250929,biobanking_mayo_ubc,0,3976,252,NA,7,8,4,5,10,6,4,5,5,6,7,9,7,2,2,8,4,2,3,4,10,5,9,7,5,9,8,6,10,8,4,3,9,7,7,3,6,7,NA,NA,NA,NA,NA,NA,NA,NA,NA,NA,NA,4,1,7,3,5,6,2,NA,NA,NA,Prioritize preventing discrimination and ethics board oversight while requiring individual authorization for identifiable samples.,NA
4adc0131-2b8a-42aa-a6d6-927f8e10e86d,2025-09-30T12:30:43Z,anthropic,claude-sonnet-4-5-20250929,biobanking_mayo_ubc,0,3976,254,NA,8,8,3,6,11,6,4,7,6,5,6,10,7,2,2,9,5,1,2,4,9,4,9,7,5,8,7,6,10,8,3,6,10,7,7,3,5,7,NA,NA,NA,NA,NA,NA,NA,NA,NA,NA,NA,1,4,6,7,5,2,3,NA,NA,NA,Strong oversight and ethics review are essential regardless of identifiability to protect participants and ensure responsible research.,NA
b33fb2b0-0d36-499c-a875-89ce4b4ca6ce,2025-09-30T12:30:53Z,anthropic,claude-sonnet-4-5-20250929,biobanking_mayo_ubc,0,3976,252,NA,7,7,4,6,10,5,5,6,6,5,6,8,7,1,1,8,4,1,3,4,8,4,9,6,4,9,6,5,9,8,3,6,9,6,7,3,5,6,NA,NA,NA,NA,NA,NA,NA,NA,NA,NA,NA,2,7,6,1,5,4,3,NA,NA,NA,Balanced approach prioritizing both individual consent and ethics oversight with community benefits over discrimination prevention alone,NA
1b09f60e-24e9-4c77-b34a-d1008129979e,2025-09-30T12:31:04Z,anthropic,claude-sonnet-4-5-20250929,biobanking_mayo_ubc,0,3976,250,NA,7,7,5,6,10,6,4,7,6,6,7,9,8,2,2,8,5,2,3,4,9,5,8,7,5,9,7,6,9,8,4,4,9,7,7,4,6,7,NA,NA,NA,NA,NA,NA,NA,NA,NA,NA,NA,1,2,6,4,7,3,5,NA,NA,NA,Strong oversight and preventing discrimination are priorities over individual consent for de-identified samples.,NA
fd32874a-50be-4b21-bb2a-29aaa940b60c,2025-09-30T12:31:16Z,anthropic,claude-sonnet-4-5-20250929,biobanking_mayo_ubc,0,3976,257,NA,8,6,3,5,10,5,4,7,6,6,6,9,7,1,1,8,4,2,2,4,9,4,8,6,4,9,6,5,10,8,3,5,9,7,7,3,5,6,NA,NA,NA,NA,NA,NA,NA,NA,NA,NA,NA,2,1,6,3,4,5,7,NA,NA,NA,Prioritize preventing discrimination and ethics oversight while balancing individual consent with research efficiency for non-identifiable samples.,NA
8cafa80b-23e7-4138-b803-02744cdf4fb8,2025-09-30T10:52:16Z,openai,gpt-5,biobanking_mayo_ubc,1,3648,9352,NA,6,9,4,7,10,6,4,3,6,7,7,11,8,1,1,9,3,1,6,3,9,3,10,6,3,7,6,6,11,9,2,2,10,5,5,1,5,8,NA,NA,NA,NA,NA,NA,NA,NA,NA,NA,NA,7,1,5,4,2,3,6,NA,NA,NA,"Prevent discrimination, consent if identifiable, minimal REB, ensure community benefit",NA
4b35b786-6c75-4f6b-a593-8fac18d00231,2025-09-30T10:54:59Z,openai,gpt-5,biobanking_mayo_ubc,1,3648,8009,NA,6,9,6,8,11,6,3,4,6,7,8,11,7,1,1,9,4,1,3,3,8,3,10,6,3,4,5,4,10,8,2,3,10,5,4,2,6,8,NA,NA,NA,NA,NA,NA,NA,NA,NA,NA,NA,7,4,5,3,1,2,6,NA,NA,NA,Prefer consent when identifiable favor community benefit and fairness oppose blanket REB or consent,NA
0b204ba3-0c38-46cc-86a8-b9e52c2a948a,2025-09-30T10:57:01Z,openai,gpt-5,biobanking_mayo_ubc,1,3648,8392,NA,6,7,4,8,11,6,4,4,6,7,7,11,7,1,2,9,4,2,3,3,8,3,10,6,4,9,6,3,10,8,2,3,10,6,6,1,6,7,NA,NA,NA,NA,NA,NA,NA,NA,NA,NA,NA,2,6,4,7,5,1,3,NA,NA,NA,Prefer strong oversight and community benefit while protecting privacy and consent rights and equity,NA
f5d20a85-1f22-4b0f-b12e-022e9cb89c6a,2025-09-30T10:59:55Z,openai,gpt-5,biobanking_mayo_ubc,1,3648,7880,NA,7,9,4,7,10,6,4,4,7,7,7,10,8,1,1,9,4,1,5,3,10,3,11,7,4,9,7,3,11,9,2,2,11,6,6,2,6,8,NA,NA,NA,NA,NA,NA,NA,NA,NA,NA,NA,2,5,7,1,4,6,3,NA,NA,NA,Prefer consent plus oversight and anti discrimination reject benefits over privacy and lax approval,NA
40d31b69-fc2c-4937-9159-6c453bcf72c7,2025-09-30T11:02:30Z,openai,gpt-5,biobanking_mayo_ubc,1,3648,8456,NA,6,9,5,7,11,6,4,4,7,8,8,10,7,1,1,9,3,1,3,3,9,3,10,7,3,9,7,6,10,9,2,3,10,6,6,2,6,8,NA,NA,NA,NA,NA,NA,NA,NA,NA,NA,NA,2,3,7,1,6,4,5,NA,NA,NA,"Prefer consent when identifiable and ethics review otherwise, prevent bias and ensure benefits",NA
fa82dc0c-23b9-4705-9943-6120cf308f87,2025-09-30T12:21:12Z,xai,grok-4-fast-non-reasoning,biobanking_mayo_ubc,0,4005,241,NA,7,8,4,6,11,6,4,7,8,7,8,9,8,2,1,9,6,2,2,3,8,6,9,7,3,9,7,7,10,9,5,4,10,7,5,2,8,7,NA,NA,NA,NA,NA,NA,NA,NA,NA,NA,NA,3,2,5,4,7,6,1,NA,NA,NA,Prioritizing individual consent and ethics oversight to balance research benefits with privacy and anti-discrimination.,NA
353e706d-1c43-4593-a660-6fcb46148545,2025-09-30T12:21:18Z,xai,grok-4-fast-non-reasoning,biobanking_mayo_ubc,0,4005,240,NA,8,9,7,7,11,8,4,8,8,5,6,10,8,2,2,9,7,3,2,4,9,6,10,7,4,8,6,7,10,9,3,5,9,7,6,3,7,8,NA,NA,NA,NA,NA,NA,NA,NA,NA,NA,NA,2,1,4,5,7,3,6,NA,NA,NA,"Prioritize ethics boards for oversight, individual consent for identifiable data, and anti-discrimination.",NA
275f8021-fa49-4a05-8285-09e8427d994d,2025-09-30T12:21:23Z,xai,grok-4-fast-non-reasoning,biobanking_mayo_ubc,0,4005,240,NA,7,9,3,6,10,6,7,8,8,7,8,10,7,2,1,9,6,2,3,4,10,4,10,5,4,9,9,8,10,9,4,5,10,6,5,3,7,8,NA,NA,NA,NA,NA,NA,NA,NA,NA,NA,NA,5,2,7,4,3,6,1,NA,NA,NA,"I prioritize individual consent and ethics oversight to balance privacy, benefits, and anti-discrimination.",NA
ea3cafcb-591e-4891-b0dc-7c760b18c78d,2025-09-30T12:21:27Z,xai,grok-4-fast-non-reasoning,biobanking_mayo_ubc,0,4005,242,NA,8,8,7,4,11,5,4,8,7,3,4,10,9,1,1,8,5,1,3,2,9,6,9,6,2,9,6,8,10,9,2,7,10,7,6,3,7,7,NA,NA,NA,NA,NA,NA,NA,NA,NA,NA,NA,1,3,7,2,4,5,6,NA,NA,NA,"Prioritize individual consent and ethics oversight to balance privacy, prevent discrimination, and ensure societal benefits.",NA
53e679bd-02e1-4b62-b95b-967caf899a0f,2025-09-30T12:21:34Z,xai,grok-4-fast-non-reasoning,biobanking_mayo_ubc,0,4005,237,NA,8,8,2,7,11,7,4,6,8,6,7,10,9,1,1,9,5,2,2,4,8,4,9,6,3,8,7,8,10,9,3,5,10,6,7,3,9,7,NA,NA,NA,NA,NA,NA,NA,NA,NA,NA,NA,1,2,7,4,3,5,6,NA,NA,NA,"I prioritize ethics boards for oversight, individual rights, and preventing discrimination.",NA
fb99cc2f-1c3b-456b-980b-f9504fff3e76,2025-09-30T12:28:46Z,anthropic,claude-sonnet-4-5-20250929,ccps,0,3509,229,NA,1,4,2,10,3,2,5,10,11,1,2,6,3,6,11,9,5,10,11,6,2,3,3,2,10,9,5,2,7,9,2,11,7,NA,NA,NA,NA,NA,NA,NA,NA,NA,NA,NA,NA,NA,NA,NA,NA,6,7,5,4,3,2,1,NA,NA,NA,"Strong climate action prioritized through community support, innovation, and adaptation over economic growth or inaction.",NA
79d8fa4b-b2ec-4b05-9422-a740ef47eeaf,2025-09-30T12:28:56Z,anthropic,claude-sonnet-4-5-20250929,ccps,0,3509,229,NA,2,5,2,9,4,3,5,10,10,2,2,6,3,6,11,9,5,9,11,5,2,3,4,3,10,8,4,2,6,9,2,10,7,NA,NA,NA,NA,NA,NA,NA,NA,NA,NA,NA,NA,NA,NA,NA,NA,7,6,1,2,5,4,3,NA,NA,NA,Prioritize aggressive emissions cuts while supporting resilience and adaptation measures over economic growth and inaction.,NA
3658229b-bf2c-4ff1-920d-bf98c35db3fc,2025-09-30T12:29:20Z,anthropic,claude-sonnet-4-5-20250929,ccps,0,3509,230,NA,2,4,2,9,4,2,4,10,10,1,2,5,3,5,10,8,5,9,10,5,3,3,3,3,9,8,4,2,6,7,2,9,6,NA,NA,NA,NA,NA,NA,NA,NA,NA,NA,NA,NA,NA,NA,NA,NA,7,6,1,2,5,3,4,NA,NA,NA,Strong emissions cuts prioritized with community action and resilience while rejecting inaction and growth-first approaches,NA
8c439655-43b3-4183-830a-94e5b304576e,2025-09-30T12:29:31Z,anthropic,claude-sonnet-4-5-20250929,ccps,0,3509,224,NA,1,4,2,9,4,2,6,9,10,1,2,6,2,5,10,8,5,9,11,5,2,3,3,3,10,9,4,2,6,9,2,10,5,NA,NA,NA,NA,NA,NA,NA,NA,NA,NA,NA,NA,NA,NA,NA,NA,6,7,1,5,4,2,3,NA,NA,NA,Prioritize aggressive emissions cuts and community action over economic growth and status quo,NA
94ef97c0-7238-4ba6-8784-0613ec457de1,2025-09-30T12:54:35Z,anthropic,claude-sonnet-4-5-20250929,ccps,0,3509,227,NA,2,4,2,9,3,3,6,10,10,2,3,5,3,5,10,8,6,9,10,6,2,3,4,4,9,8,5,2,7,8,2,9,6,NA,NA,NA,NA,NA,NA,NA,NA,NA,NA,NA,NA,NA,NA,NA,NA,6,7,1,3,5,2,4,NA,NA,NA,Strong climate action needed now with dramatic cuts prioritizing community solutions over economic growth and inaction,NA
27b59c31-53da-4023-828e-7ee5e71b1660,2025-09-30T10:38:16Z,openai,gpt-5,ccps,1,3221,3954,NA,1,4,2,10,3,1,5,10,11,1,2,6,2,3,10,9,7,9,11,3,2,2,3,2,10,9,4,2,5,9,2,10,8,NA,NA,NA,NA,NA,NA,NA,NA,NA,NA,NA,NA,NA,NA,NA,NA,6,7,1,2,3,5,4,NA,NA,NA,"Prefer feasible cuts plus adaptation and resilience, reject growth focus, status quo, small programs",NA
bc88ea29-923b-4166-a78b-62fc69e595c4,2025-09-30T10:39:03Z,openai,gpt-5,ccps,1,3221,5551,NA,1,3,2,10,2,1,7,10,11,1,2,7,2,2,11,10,8,10,11,4,2,2,3,3,10,9,4,2,5,9,1,10,8,NA,NA,NA,NA,NA,NA,NA,NA,NA,NA,NA,NA,NA,NA,NA,NA,6,7,1,2,3,4,5,NA,NA,NA,Support strong cuts then community and infrastructure adaptation oppose growth first and inaction,NA
787d3c37-2424-4551-aaa9-6a5a0d8873f6,2025-09-30T10:40:19Z,openai,gpt-5,ccps,1,3221,4465,NA,1,3,1,10,3,1,6,11,11,1,1,7,1,2,11,10,8,10,11,4,2,2,3,1,11,10,3,2,4,10,1,11,7,NA,NA,NA,NA,NA,NA,NA,NA,NA,NA,NA,NA,NA,NA,NA,NA,6,7,1,4,2,5,3,NA,NA,NA,"Prioritize deep emissions cuts and resilience support adaptation, oppose status quo and growth first",NA
9e6d5ca6-3ecc-408e-a431-df7a23c87e38,2025-09-30T10:41:23Z,openai,gpt-5,ccps,1,3221,4463,NA,1,4,2,10,3,1,7,11,11,1,2,7,2,2,10,10,8,10,11,4,3,3,3,2,10,10,4,3,4,10,2,10,8,NA,NA,NA,NA,NA,NA,NA,NA,NA,NA,NA,NA,NA,NA,NA,NA,5,7,1,2,3,6,4,NA,NA,NA,Deep cuts first with large scale adaptation and resilience oppose status quo and growth,NA
dac7165b-c61b-40fd-aefc-a92124ee0751,2025-09-30T10:42:21Z,openai,gpt-5,ccps,1,3221,4913,NA,1,3,1,10,2,1,7,11,11,1,1,8,2,2,11,10,8,10,11,3,1,1,2,2,10,10,3,1,3,10,1,10,7,NA,NA,NA,NA,NA,NA,NA,NA,NA,NA,NA,NA,NA,NA,NA,NA,6,7,1,2,3,5,4,NA,NA,NA,"Back deep then moderate emissions cuts plus adaptation, reject status quo and growth over climate",NA
16c5f3ef-7f15-44e9-916d-2c5f2c873b22,2025-09-30T12:20:13Z,xai,grok-4-fast-non-reasoning,ccps,0,3581,212,NA,1,5,2,9,6,2,3,9,10,1,4,4,3,6,10,8,7,8,11,6,5,4,5,3,10,8,7,2,8,9,4,9,7,NA,NA,NA,NA,NA,NA,NA,NA,NA,NA,NA,NA,NA,NA,NA,NA,6,7,2,5,1,3,4,NA,NA,NA,Prioritize adaptation and moderate cuts; oppose growth focus and status quo.,NA
01f74f32-a05c-4779-9196-81eea177eec5,2025-09-30T12:20:21Z,xai,grok-4-fast-non-reasoning,ccps,0,3581,212,NA,1,6,3,9,5,2,3,9,10,1,4,5,3,5,10,8,7,9,11,7,4,4,6,5,9,7,6,2,8,8,3,9,8,NA,NA,NA,NA,NA,NA,NA,NA,NA,NA,NA,NA,NA,NA,NA,NA,5,7,1,3,6,4,2,NA,NA,NA,"Strong mitigation first, then adaptation; oppose status quo and growth priority.",NA
61f4fab6-1e3e-44f2-aa0d-31c640ca0ddf,2025-09-30T12:20:25Z,xai,grok-4-fast-non-reasoning,ccps,0,3581,212,NA,1,5,1,9,6,1,5,10,11,1,3,6,2,4,11,11,7,10,11,8,3,2,4,3,10,10,7,2,8,9,2,11,7,NA,NA,NA,NA,NA,NA,NA,NA,NA,NA,NA,NA,NA,NA,NA,NA,1,7,6,2,4,5,3,NA,NA,NA,Prioritize strong emission cuts and adaptation over status quo or growth focus.,NA
614a1799-3660-48f6-b04c-228d6919820f,2025-09-30T12:20:29Z,xai,grok-4-fast-non-reasoning,ccps,0,3581,220,NA,2,4,2,9,6,2,4,10,10,1,3,5,2,5,10,9,7,9,10,8,4,4,2,3,10,8,6,3,7,8,3,9,7,NA,NA,NA,NA,NA,NA,NA,NA,NA,NA,NA,NA,NA,NA,NA,NA,4,7,1,6,3,5,2,NA,NA,NA,"Strong support for aggressive emission cuts to mitigate climate change, then adaptation, least for status quo or growth priority.",NA
a7de547d-ef42-495e-a1a5-3135f0c842c2,2025-09-30T12:20:35Z,xai,grok-4-fast-non-reasoning,ccps,0,3581,212,NA,1,5,2,8,7,1,6,9,11,1,3,7,2,5,11,8,8,10,11,4,5,4,3,4,10,9,6,2,7,9,3,9,7,NA,NA,NA,NA,NA,NA,NA,NA,NA,NA,NA,NA,NA,NA,NA,NA,5,6,1,4,3,7,2,NA,NA,NA,"Prioritize strong emission cuts for mitigation, then adaptation tech and policies.",NA
44072a2a-cd90-4bd5-993a-05f20b21cbd5,2025-09-30T12:33:09Z,anthropic,claude-sonnet-4-5-20250929,energy_futures,0,4974,303,NA,6,6,8,6,10,5,8,4,8,6,7,4,2,9,10,3,6,4,7,5,5,5,8,9,6,8,6,3,5,3,2,9,7,7,3,8,4,7,6,4,6,4,7,10,NA,NA,NA,NA,NA,3,4,5,2,6,8,1,7,9,NA,Prioritized renewables over fossil fuels due to climate concerns while valuing reliability and proven technology over experimental options.,4
83343694-3568-465d-9864-7093bfa1e93d,2025-09-30T12:33:19Z,anthropic,claude-sonnet-4-5-20250929,energy_futures,0,4974,299,NA,6,8,8,6,10,5,8,3,8,5,7,4,2,9,10,3,6,4,7,7,5,5,8,9,6,9,7,3,4,3,1,9,7,7,2,7,4,6,7,5,5,3,7,10,NA,NA,NA,NA,NA,3,4,6,2,5,8,1,7,9,NA,Prioritize proven renewables and conservation over fossil fuels due to climate urgency and cost trends,4
364cf7f9-03c4-466f-b69f-86577aa62e31,2025-09-30T12:33:30Z,anthropic,claude-sonnet-4-5-20250929,energy_futures,0,4974,299,NA,6,7,8,6,10,5,8,3,8,5,7,3,2,9,10,3,7,4,8,6,5,6,8,9,7,9,6,3,6,2,1,9,7,7,2,8,4,7,7,4,5,4,7,9,NA,NA,NA,NA,NA,2,6,5,3,7,8,1,4,9,NA,Prioritize proven renewables and conservation over fossil fuels while supporting diverse clean energy mix for sustainability,4
aa4863d8-c4ff-49dd-86bf-2751ce52a236,2025-09-30T12:56:54Z,anthropic,claude-sonnet-4-5-20250929,energy_futures,0,4974,308,NA,6,8,9,5,10,4,8,5,8,5,7,3,2,9,10,2,8,3,8,4,4,6,7,10,7,7,7,2,6,2,1,9,7,7,2,8,3,7,6,4,5,3,6,10,NA,NA,NA,NA,NA,5,7,8,1,6,2,3,4,9,NA,Prioritize proven renewables and low-carbon sources while phasing out coal due to climate urgency and cost-effectiveness of clean energy.,4
49925e13-dee8-491a-be8e-f1815767b0a3,2025-09-30T12:57:05Z,anthropic,claude-sonnet-4-5-20250929,energy_futures,0,4974,302,NA,6,6,8,5,10,6,8,4,8,6,7,4,2,8,9,3,6,3,7,5,6,7,8,9,6,9,6,3,5,3,1,9,7,7,2,8,4,7,7,4,4,3,7,9,NA,NA,NA,NA,NA,2,6,5,1,7,3,8,4,9,NA,Prioritized renewables and low-carbon sources over fossil fuels due to climate urgency and sustainability concerns.,5
3a2ec3cd-ecdf-4b37-bb21-31a09fcf9ac9,2025-09-30T11:34:27Z,openai,gpt-5,energy_futures,1,4526,7096,NA,7,7,9,4,11,4,9,6,8,2,4,2,1,10,10,1,7,4,8,4,2,5,8,9,5,10,7,2,3,2,1,11,7,7,3,6,2,3,6,2,3,1,4,11,NA,NA,NA,NA,NA,2,7,8,3,6,5,1,4,9,NA,Prefer nuclear wind hydro for low-carbon reliability; coal mid; skeptical of biomass CCS gas,3
46194503-72cd-4e88-9df6-cd36fe9125c9,2025-09-30T11:36:10Z,openai,gpt-5,energy_futures,1,4526,6074,NA,3,8,9,4,11,4,9,4,8,2,5,2,1,9,10,1,8,6,8,3,2,4,9,10,7,10,7,1,3,2,1,10,7,8,2,6,1,3,5,2,3,1,5,11,NA,NA,NA,NA,NA,1,6,3,9,7,8,5,4,2,NA,Prioritize clean renewables; support safe nuclear; gas as bridge; CCS limited; coal last,3
52bf9481-a42c-4ae1-bfa2-424f1f4cda7d,2025-09-30T11:37:49Z,openai,gpt-5,energy_futures,1,4526,6520,NA,6,8,9,4,11,4,9,6,8,2,4,3,1,9,10,1,8,5,8,3,2,7,8,9,7,9,6,2,3,1,1,10,7,8,3,7,2,3,4,2,2,1,4,11,NA,NA,NA,NA,NA,2,6,8,3,7,5,1,4,9,NA,Favor solar wind hydro then nuclear and geothermal limited for biomass and gas oppose coal and CCS,3
866c2ddf-68e4-4177-a877-9cbea9f0ddf7,2025-09-30T11:39:17Z,openai,gpt-5,energy_futures,1,4526,7417,NA,4,8,9,7,11,5,9,6,8,3,3,2,1,10,10,1,7,3,7,7,2,5,8,10,7,10,7,2,2,2,1,10,8,9,3,7,2,3,4,2,3,2,4,11,NA,NA,NA,NA,NA,2,7,8,3,6,4,1,5,9,NA,Back solar wind hydro geothermal on climate and cost then nuclear gas biomass low coal and CCS last,3
284762f5-694e-4aa1-b753-a7cd1c6ce05e,2025-09-30T11:41:03Z,openai,gpt-5,energy_futures,1,4526,6009,NA,4,7,8,4,10,3,9,6,7,3,6,2,1,9,10,1,7,4,8,5,3,8,8,9,7,10,7,2,4,2,1,10,7,8,3,7,2,3,8,3,4,2,4,10,NA,NA,NA,NA,NA,9,6,1,2,5,7,8,4,3,NA,Prefer wind solar hydro; nuclear and gas as bridges; skeptical of CCS; coal last.,3
82c059c1-c175-4cd5-abca-5983949e419c,2025-09-30T12:22:31Z,xai,grok-4-fast-non-reasoning,energy_futures,0,4847,285,NA,6,8,9,7,9,5,6,6,8,6,8,4,2,8,9,4,8,6,8,7,6,7,8,9,6,8,5,3,7,7,1,9,7,6,3,9,5,7,7,4,6,3,7,8,NA,NA,NA,NA,NA,4,5,8,1,2,7,3,6,9,NA,"Prioritize renewables for sustainability, then gas and nuclear; coal last due to emissions.",5
aa8e88fd-277b-490d-bf5d-b25ffbc50ff0,2025-09-30T12:22:35Z,xai,grok-4-fast-non-reasoning,energy_futures,0,4847,284,NA,4,8,8,6,9,5,6,6,7,6,7,3,2,8,9,5,8,5,7,6,5,7,8,9,4,8,4,3,7,7,2,9,7,7,3,8,4,6,7,3,4,5,7,9,NA,NA,NA,NA,NA,1,6,3,4,5,8,2,7,9,NA,"Favor renewables for sustainability, coal last due to emissions, nuclear mid for risks.",5
b08fea60-10db-4136-88ce-26bdf56bf20b,2025-09-30T12:22:44Z,xai,grok-4-fast-non-reasoning,energy_futures,0,4847,283,NA,5,6,9,5,9,3,8,4,8,5,7,4,3,8,9,5,7,7,8,6,7,8,9,9,6,8,6,3,7,7,2,9,7,7,4,9,5,8,7,6,5,6,8,9,NA,NA,NA,NA,NA,6,4,3,7,5,8,1,2,9,NA,"Favor renewables for sustainability, nuclear as bridge, coal least due to emissions.",6
d250aeb6-6a0c-492d-983a-82f4f44329f6,2025-09-30T12:22:49Z,xai,grok-4-fast-non-reasoning,energy_futures,0,4847,285,NA,6,9,9,7,9,5,7,5,8,6,7,4,2,8,9,4,8,6,7,8,5,6,8,9,6,8,5,3,7,5,1,9,8,7,3,9,5,6,6,4,6,5,7,9,NA,NA,NA,NA,NA,1,4,8,6,5,7,3,2,9,NA,"Prioritize renewables for sustainability, then nuclear, gas; minimize coal due to emissions.",4
e11f3f0f-4e72-4113-aaf5-683fb3eaa77a,2025-09-30T12:22:54Z,xai,grok-4-fast-non-reasoning,energy_futures,0,4847,285,NA,6,7,9,5,9,4,8,5,7,7,7,4,2,8,9,6,8,8,8,5,7,7,8,9,6,8,7,3,8,9,1,9,7,5,4,9,7,8,6,6,7,6,7,9,NA,NA,NA,NA,NA,1,6,2,4,7,5,8,3,9,NA,"Prioritize renewables for sustainability, then low-emission fossils and nuclear over polluting coal.",6
85559208-9f7b-4eb2-ae19-72a1f288727b,2025-09-30T12:27:54Z,anthropic,claude-sonnet-4-5-20250929,fnqcj,0,4790,268,NA,4,6,5,7,6,7,7,5,5,8,3,8,6,3,6,8,7,7,7,7,4,6,4,10,2,3,4,3,2,5,8,4,9,6,6,4,6,5,10,2,6,NA,NA,NA,NA,NA,NA,NA,NA,5,4,1,3,2,NA,NA,NA,NA,NA,Stabilizing trouble spots balances environmental protection with access while minimizing further development impact on the Daintree.,5
9a4a5469-f5a9-40b7-a69c-84c26a8a2ec7,2025-09-30T12:28:05Z,anthropic,claude-sonnet-4-5-20250929,fnqcj,0,4790,260,NA,3,6,5,8,7,8,7,4,3,9,1,8,6,1,4,8,7,6,7,8,3,8,2,11,2,2,3,2,2,4,9,3,9,5,5,2,6,4,11,2,3,NA,NA,NA,NA,NA,NA,NA,NA,4,5,2,3,1,NA,NA,NA,NA,NA,Prioritize environmental protection and rehabilitation while allowing limited stabilized access over development options,7
2d619789-ca7d-43b8-8cce-ebf53ffc111b,2025-09-30T12:28:15Z,anthropic,claude-sonnet-4-5-20250929,fnqcj,0,4790,265,NA,4,6,5,8,7,8,7,6,4,8,2,9,6,2,6,9,8,7,5,8,3,7,3,11,2,2,3,3,2,5,10,4,9,5,6,3,6,5,11,2,5,NA,NA,NA,NA,NA,NA,NA,NA,5,3,1,2,4,NA,NA,NA,NA,NA,Stabilize trouble spots to balance environmental protection with access while avoiding development escalation from full upgrades.,6
f740ca5b-7315-4eb3-9bec-1fb94c917df0,2025-09-30T12:28:25Z,anthropic,claude-sonnet-4-5-20250929,fnqcj,0,4790,259,NA,4,7,5,8,8,8,9,5,4,7,2,9,6,2,5,9,8,7,6,8,4,8,3,11,2,2,4,3,2,5,9,3,10,6,6,3,6,5,11,2,4,NA,NA,NA,NA,NA,NA,NA,NA,5,3,2,4,1,NA,NA,NA,NA,NA,Prioritize environmental protection while allowing limited managed access over development or complete closure,7
49ac8185-211f-4502-8c8b-cb3ece1f890b,2025-09-30T12:28:36Z,anthropic,claude-sonnet-4-5-20250929,fnqcj,0,4790,266,NA,3,7,6,7,7,7,7,4,4,8,2,8,6,2,6,7,8,7,6,9,4,7,4,10,2,3,4,3,3,6,9,4,9,6,6,3,7,5,10,2,5,NA,NA,NA,NA,NA,NA,NA,NA,5,3,1,2,4,NA,NA,NA,NA,NA,"Prioritize environmental protection while maintaining limited access, avoiding development escalation from full upgrades or complete closure.",6
360a0527-7983-4139-9977-9da01d71721d,2025-09-30T10:30:52Z,openai,gpt-5,fnqcj,1,4307,4819,NA,1,3,3,3,4,10,9,8,2,10,2,10,3,2,6,8,9,7,10,9,6,4,2,12,1,1,2,2,1,3,11,3,11,6,4,3,7,8,12,1,4,NA,NA,NA,NA,NA,NA,NA,NA,5,4,1,2,3,NA,NA,NA,NA,NA,Prioritize minimal fixes and 4WD to protect environment upgrade last closure third,3
6c350a73-a721-49b8-82f9-0b3e2d413e34,2025-09-30T10:32:03Z,openai,gpt-5,fnqcj,1,4310,4688,NA,3,3,8,6,9,10,8,8,2,11,1,10,8,2,5,9,8,8,11,10,6,9,2,12,1,1,2,1,2,4,12,3,12,5,5,6,9,8,12,1,3,NA,NA,NA,NA,NA,NA,NA,NA,2,1,4,3,5,NA,NA,NA,NA,NA,Prioritize conservation limit access fix hazards avoid sealing long term protection,8
342d3248-1d92-4e5a-923e-83aff40150ad,2025-09-30T10:33:06Z,openai,gpt-5,fnqcj,1,4310,7451,NA,2,3,3,4,11,11,10,4,2,10,1,8,3,2,4,10,10,7,9,9,3,11,2,12,1,1,2,1,1,4,12,2,11,6,4,3,10,7,12,1,4,NA,NA,NA,NA,NA,NA,NA,NA,5,4,1,3,2,NA,NA,NA,NA,NA,Stabilize 4WD for safety and reef protection bitumen next maintain 4WD no dirt road or closure,8
f6859b5c-63dc-48e4-9bd2-64e4f7a14ed2,2025-09-30T10:35:19Z,openai,gpt-5,fnqcj,1,4307,6485,NA,3,2,2,4,2,10,10,7,2,11,1,10,3,1,4,8,9,7,9,9,3,2,2,12,1,1,1,1,1,3,11,2,11,6,4,3,4,4,12,1,3,NA,NA,NA,NA,NA,NA,NA,NA,5,4,2,3,1,NA,NA,NA,NA,NA,Support closing and rehabilitation to protect Daintree oppose upgrades keep limited 4WD access,2
a4319042-82a6-4d91-81e7-e9467673c3ae,2025-09-30T10:36:36Z,openai,gpt-5,fnqcj,1,4310,7188,NA,3,2,3,7,8,10,10,7,2,11,2,11,3,1,4,8,8,7,10,9,4,7,1,12,1,1,2,1,1,3,11,2,11,6,4,3,6,6,12,1,3,NA,NA,NA,NA,NA,NA,NA,NA,5,4,1,2,3,NA,NA,NA,NA,NA,Prefer stabilizing spots and 4WD access to curb impacts oppose bitumen upgrades,3
012f772d-77e9-4ffb-8372-c53ace0fdd68,2025-09-30T12:19:42Z,xai,grok-4-fast-non-reasoning,fnqcj,0,4509,246,NA,2,6,5,9,4,7,9,10,3,9,2,9,6,3,7,8,7,8,8,9,5,4,3,11,2,2,4,5,3,6,10,5,10,6,8,4,7,6,11,3,7,NA,NA,NA,NA,NA,NA,NA,NA,5,4,3,1,2,NA,NA,NA,NA,NA,Prefer maintaining 4WD track for access while minimizing environmental harm.,5
f9b4876b-0d82-402c-b348-7596a2c7c633,2025-09-30T12:19:47Z,xai,grok-4-fast-non-reasoning,fnqcj,0,4512,245,NA,2,7,8,7,6,8,9,6,3,9,3,8,7,2,6,8,7,8,9,7,4,5,2,10,2,1,3,4,3,7,9,2,9,5,9,3,8,5,10,2,5,NA,NA,NA,NA,NA,NA,NA,NA,5,3,1,2,4,NA,NA,NA,NA,NA,Prioritize environmental protection by stabilizing without full upgrade or closure.,6
36d79bd6-ff21-46d9-9823-d63ab435cc82,2025-09-30T12:19:52Z,xai,grok-4-fast-non-reasoning,fnqcj,0,4512,243,NA,4,9,10,7,8,8,9,7,4,8,3,9,9,3,6,8,10,7,7,8,4,8,3,10,2,2,4,5,3,5,10,3,10,5,6,4,11,6,11,2,6,NA,NA,NA,NA,NA,NA,NA,NA,5,1,3,2,4,NA,NA,NA,NA,NA,Prefer minimal intervention to balance access and environmental protection.,7
d142864a-a5f8-4d30-8137-6dbee8813f5b,2025-09-30T12:20:00Z,xai,grok-4-fast-non-reasoning,fnqcj,0,4509,251,NA,2,8,8,8,7,8,9,7,4,9,3,10,7,2,7,9,6,9,10,9,6,6,3,11,2,2,5,4,3,6,9,3,10,7,8,4,10,8,11,1,5,NA,NA,NA,NA,NA,NA,NA,NA,5,3,2,4,1,NA,NA,NA,NA,NA,Prioritize environmental protection by stabilizing and maintaining the 4WD track over upgrades or closure.,5
5fc5f2c6-eb91-477e-a488-b52194cba860,2025-09-30T12:20:07Z,xai,grok-4-fast-non-reasoning,fnqcj,0,4512,247,NA,3,7,9,8,6,7,8,7,2,7,2,8,6,7,6,9,8,7,6,8,4,6,4,10,1,1,3,4,2,4,9,3,9,5,6,3,10,4,11,1,5,NA,NA,NA,NA,NA,NA,NA,NA,5,3,4,1,2,NA,NA,NA,NA,NA,Maintaining as 4WD track best balances access and environmental protection.,5
b4b39e6d-6ed3-40fb-b48c-223cdc62578c,2025-09-30T12:29:40Z,anthropic,claude-sonnet-4-5-20250929,forestera,0,4994,289,NA,3,4,6,6,9,5,9,5,3,9,8,6,5,9,5,4,4,8,8,3,9,3,10,9,3,7,6,7,7,10,9,5,8,6,8,9,10,10,4,6,8,5,2,5,NA,NA,NA,NA,NA,4,6,5,7,3,2,1,NA,NA,NA,I prioritize integrated ecological and social values with community participation over single-focus or no management approaches.,8
e1c548f4-8a66-4de5-b39f-97fdd8caa743,2025-09-30T12:29:51Z,anthropic,claude-sonnet-4-5-20250929,forestera,0,4994,290,NA,3,5,6,5,9,6,9,5,3,9,9,6,6,8,4,4,3,8,8,2,8,3,10,9,3,8,6,7,8,11,10,5,8,6,7,9,10,10,5,7,9,4,2,5,NA,NA,NA,NA,NA,4,6,5,7,3,2,1,NA,NA,NA,I prioritize integrated ecological restoration with community values over purely economic or hands-off approaches to forest management.,8
b8f1e3c4-1275-4a7c-9468-bee6b903c4ac,2025-09-30T12:30:02Z,anthropic,claude-sonnet-4-5-20250929,forestera,0,4994,289,NA,4,6,6,6,9,6,9,5,4,9,7,6,5,8,5,5,4,8,8,3,8,4,9,9,4,8,6,7,8,10,9,5,8,7,8,9,9,10,5,8,8,5,3,7,NA,NA,NA,NA,NA,3,1,4,2,5,7,6,NA,NA,NA,Balanced ecological restoration with community input and natural fire processes while protecting wildlife and avoiding purely economic exploitation.,8
cb97ea65-c212-4494-86d9-9a9b924cc944,2025-09-30T12:30:12Z,anthropic,claude-sonnet-4-5-20250929,forestera,0,4994,290,NA,3,7,6,5,9,6,10,5,3,10,9,7,6,10,4,4,4,9,8,2,9,3,10,9,2,8,6,8,7,11,10,4,8,6,9,10,10,10,5,7,9,6,2,5,NA,NA,NA,NA,NA,3,5,7,1,2,6,4,NA,NA,NA,Prioritize balanced ecological and social values with fire restoration while avoiding purely economic or hands-off approaches.,9
b86ae1c1-ae19-4dec-a85a-824ce189ea55,2025-09-30T12:30:23Z,anthropic,claude-sonnet-4-5-20250929,forestera,0,4994,292,NA,2,6,6,5,9,6,9,4,3,10,8,5,5,9,4,4,4,8,8,2,9,3,10,9,3,7,6,8,7,10,9,4,7,6,8,9,10,10,4,8,8,5,2,5,NA,NA,NA,NA,NA,5,1,6,7,4,2,3,NA,NA,NA,"Prioritize integrated ecological restoration with fire, community values, and wildlife over purely economic or hands-off approaches.",8
32985612-8da1-4409-aad0-b6ea58902585,2025-09-30T10:43:19Z,openai,gpt-5,forestera,1,4547,8366,NA,3,3,7,9,10,3,11,6,3,10,9,3,3,10,4,6,2,9,11,2,9,4,11,10,1,8,7,8,7,11,11,7,8,4,8,10,10,10,7,6,9,6,2,4,NA,NA,NA,NA,NA,3,7,4,6,5,2,1,NA,NA,NA,Favor ecosocial restoration with fire and fuel cuts; oppose profit thinning and reject no management,10
9e77f607-3307-4553-8823-c86c3ccfee71,2025-09-30T10:45:10Z,openai,gpt-5,forestera,1,4547,8043,NA,3,4,7,8,10,7,11,6,3,10,9,3,2,9,3,7,2,8,10,2,9,3,11,9,2,9,7,5,6,11,11,7,9,7,9,9,10,10,8,9,10,7,2,6,NA,NA,NA,NA,NA,5,6,2,7,4,3,1,NA,NA,NA,Favor balanced management with fire and habitat protection oppose no action or profit focus,9
089b266c-7c29-48ae-8a86-545a3dd5bee4,2025-09-30T10:47:26Z,openai,gpt-5,forestera,1,4547,5677,NA,3,4,7,8,9,5,10,6,3,9,7,4,3,8,6,7,3,8,10,2,9,4,10,9,2,8,7,7,5,10,10,3,7,4,7,8,9,10,7,6,9,7,2,6,NA,NA,NA,NA,NA,3,1,4,6,5,7,2,NA,NA,NA,Prioritize balanced restoration with fire and habitat and local use oppose profit focus no action,9
85ec2aca-45a7-4634-bf63-1b5a5c63c5af,2025-09-30T10:48:51Z,openai,gpt-5,forestera,1,4547,5804,NA,3,6,7,9,10,4,11,6,3,10,9,4,2,10,4,7,3,9,10,2,9,3,11,10,2,9,8,7,8,11,11,4,8,7,9,10,10,10,8,9,10,8,2,5,NA,NA,NA,NA,NA,3,5,1,7,4,6,2,NA,NA,NA,Favor science based restoration with fire and balanced values oppose no management and profit focus,10
bd46116c-c259-46e7-9892-422b4f03df15,2025-09-30T10:50:35Z,openai,gpt-5,forestera,1,4547,5996,NA,4,7,8,9,10,6,11,5,3,11,9,5,3,10,3,8,2,8,11,2,8,4,11,10,1,8,7,6,7,11,11,4,9,6,9,9,11,11,9,9,10,8,2,6,NA,NA,NA,NA,NA,2,1,6,5,4,7,3,NA,NA,NA,Prioritize eco social values science and prescribed fire avoid no management and profit focus,10
a8a1eccf-eaf1-41af-a3dc-142da437dbfb,2025-09-30T12:20:41Z,xai,grok-4-fast-non-reasoning,forestera,0,4883,272,NA,5,6,7,7,8,5,9,3,4,9,8,5,6,9,7,6,3,8,9,2,9,4,10,9,3,8,7,8,8,10,9,7,8,9,8,9,9,10,6,7,8,7,2,6,NA,NA,NA,NA,NA,3,7,5,6,4,2,1,NA,NA,NA,Prioritizing ecological restoration and social values over economic gain and inaction.,9
c408c276-df6e-44bc-bcfe-bdfda0e18e82,2025-09-30T12:20:45Z,xai,grok-4-fast-non-reasoning,forestera,0,4883,272,NA,5,5,9,8,9,7,9,4,5,9,9,7,6,10,7,8,3,8,10,1,8,6,10,9,2,9,8,8,8,10,10,8,9,9,9,10,10,10,7,7,9,7,2,6,NA,NA,NA,NA,NA,1,6,4,7,3,5,2,NA,NA,NA,Prioritize ecological restoration and fuel reduction for forest health and community safety.,9
64f8720d-a49e-4e5c-94c3-fef53e0249c7,2025-09-30T12:20:50Z,xai,grok-4-fast-non-reasoning,forestera,0,4883,274,NA,5,7,8,8,9,6,9,4,7,9,7,7,3,8,6,8,5,8,9,2,8,7,10,9,3,9,7,7,6,10,9,7,9,10,8,9,9,10,8,5,8,8,2,6,NA,NA,NA,NA,NA,3,6,5,7,4,2,1,NA,NA,NA,"Balanced approach prioritizing ecology, wildlife, and community protection over pure economics or inaction.",8
bbb5bc37-a795-40a0-aeec-93e07813f788,2025-09-30T12:20:57Z,xai,grok-4-fast-non-reasoning,forestera,0,4883,276,NA,6,7,8,8,9,6,9,4,5,10,8,6,5,9,7,8,4,8,9,2,9,7,10,8,3,9,7,6,8,10,9,7,8,10,8,9,10,10,7,7,9,8,3,7,NA,NA,NA,NA,NA,2,5,6,7,3,4,1,NA,NA,NA,"Balanced approach prioritizing ecology, social values, and fire risk reduction over pure economics or inaction.",9
d1a499d8-0293-4dff-8673-97b057999628,2025-09-30T12:21:04Z,xai,grok-4-fast-non-reasoning,forestera,0,4883,270,NA,6,8,8,8,9,7,9,4,6,10,8,7,7,10,6,9,5,9,10,2,8,8,10,9,3,9,8,7,10,10,10,7,9,9,9,9,10,10,9,7,9,8,2,8,NA,NA,NA,NA,NA,2,6,3,5,4,7,1,NA,NA,NA,Balanced approach prioritizing ecology and communities over pure economics or inaction.,8
26511d75-8dca-477a-bf32-3c7cbaec4f84,2025-09-30T12:32:18Z,anthropic,claude-sonnet-4-5-20250929,fremantle,0,4020,238,NA,4,3,3,11,8,8,2,4,2,5,1,5,5,6,6,10,11,7,5,6,7,2,10,6,9,9,7,10,10,11,9,3,7,9,4,8,NA,NA,NA,NA,NA,NA,NA,NA,NA,NA,NA,NA,NA,4,3,5,6,1,2,NA,NA,NA,NA,Prioritize safety and functionality while preserving heritage through retention and strategic upgrades over replacement options,NA
3e7aa371-716b-4de4-aff0-d2b48d8a4308,2025-09-30T12:32:27Z,anthropic,claude-sonnet-4-5-20250929,fremantle,0,4020,238,NA,3,2,4,11,6,5,2,4,1,7,2,7,3,5,7,7,10,6,6,6,5,3,9,6,8,11,10,8,9,11,10,5,9,8,4,9,NA,NA,NA,NA,NA,NA,NA,NA,NA,NA,NA,NA,NA,3,1,6,5,2,4,NA,NA,NA,NA,Prioritize safety and functionality while preserving heritage through retention and strategic upgrades over replacement options,NA
1112b5d0-7eeb-43d3-86c5-492d619a4184,2025-09-30T12:32:38Z,anthropic,claude-sonnet-4-5-20250929,fremantle,0,4020,237,NA,3,2,4,11,8,8,2,4,1,7,2,5,8,4,7,7,11,3,3,5,6,5,9,6,6,9,8,6,10,10,9,5,5,7,4,6,NA,NA,NA,NA,NA,NA,NA,NA,NA,NA,NA,NA,NA,5,1,2,3,6,4,NA,NA,NA,NA,Prioritize safety and function while preserving heritage through retention and targeted repairs over new construction,NA
9c0a226f-04d6-472b-8132-1d7c0f1da442,2025-09-30T12:32:48Z,anthropic,claude-sonnet-4-5-20250929,fremantle,0,4020,241,NA,4,2,2,11,5,2,1,6,1,5,1,6,4,7,8,7,10,7,3,5,6,3,10,5,6,10,9,8,8,11,9,4,9,7,3,8,NA,NA,NA,NA,NA,NA,NA,NA,NA,NA,NA,NA,NA,2,1,4,5,3,6,NA,NA,NA,NA,Prioritize safety and functionality while preserving heritage through practical upgrades over costly new construction or purely aesthetic solutions,NA
301b0b22-8fbd-4d19-a1e5-26ff738fe61a,2025-09-30T12:32:58Z,anthropic,claude-sonnet-4-5-20250929,fremantle,0,4020,242,NA,3,4,2,10,9,3,1,3,1,7,2,6,6,4,5,10,11,7,2,5,5,6,8,7,7,8,9,9,11,10,8,5,6,8,4,9,NA,NA,NA,NA,NA,NA,NA,NA,NA,NA,NA,NA,NA,5,3,1,6,4,2,NA,NA,NA,NA,Prioritize safety and long-term functionality while preserving heritage through retention and targeted replacement of deteriorated components.,NA
c2bc831d-7dc3-449a-98d3-f0d0acea7af6,2025-09-30T11:13:08Z,openai,gpt-5,fremantle,1,3738,18492,NA,5,3,3,10,9,7,2,4,3,8,5,5,8,5,4,6,11,8,2,6,5,6,6,6,7,9,4,7,10,9,8,4,6,7,1,7,NA,NA,NA,NA,NA,NA,NA,NA,NA,NA,NA,NA,NA,3,2,4,1,5,6,NA,NA,NA,NA,"Safety and long-term access first, better cycling, partial heritage kept, avoid costly widening",NA
3c951d20-3b15-4312-bb48-94b6a8b40d48,2025-09-30T11:19:12Z,openai,gpt-5,fremantle,1,3741,16632,NA,5,4,3,10,7,9,2,3,3,7,2,5,8,1,4,8,10,7,5,6,5,8,7,6,5,6,6,9,9,11,8,4,4,7,6,6,NA,NA,NA,NA,NA,NA,NA,NA,NA,NA,NA,NA,NA,4,3,6,2,5,1,NA,NA,NA,NA,Prioritize safety navigation and long term efficiency modern bridge with retained heritage,NA
ab909f44-6da0-4fa5-aaa5-5aa3eeec9370,2025-09-30T11:24:21Z,openai,gpt-5,fremantle,1,3741,10490,NA,4,4,3,10,7,7,1,3,3,5,4,7,8,2,6,5,10,6,4,6,6,5,7,5,6,8,9,8,9,11,8,6,7,9,2,5,NA,NA,NA,NA,NA,NA,NA,NA,NA,NA,NA,NA,NA,4,2,1,6,3,5,NA,NA,NA,NA,Prioritize safety and long term function navigation and access heritage and environment respected,NA
4709256f-456b-49d9-a4eb-2d713e6c7f91,2025-09-30T11:27:55Z,openai,gpt-5,fremantle,1,3741,12859,NA,4,1,2,10,8,6,2,4,3,9,5,5,8,3,4,7,10,5,3,7,5,6,7,6,7,9,7,8,9,11,8,5,6,6,4,6,NA,NA,NA,NA,NA,NA,NA,NA,NA,NA,NA,NA,NA,3,6,5,2,1,4,NA,NA,NA,NA,Prioritize safety navigation and long term solutions while keeping heritage and bike walk access,NA
fb372e2f-d1e0-4adb-b313-d34ed659092c,2025-09-30T11:32:15Z,openai,gpt-5,fremantle,1,3741,9146,NA,4,2,3,9,7,7,5,3,1,7,5,4,9,3,4,10,10,7,5,6,5,6,6,6,6,8,6,8,9,11,8,4,5,8,2,7,NA,NA,NA,NA,NA,NA,NA,NA,NA,NA,NA,NA,NA,1,4,2,6,3,5,NA,NA,NA,NA,Prioritize safety and long term efficiency for all users while preserving heritage where viable,NA
55727e5d-6012-4a5f-b2f4-fb7556d6d269,2025-09-30T12:22:11Z,xai,grok-4-fast-non-reasoning,fremantle,0,4050,221,NA,8,4,7,10,7,5,2,6,1,7,3,8,4,9,9,9,11,8,7,6,8,6,10,8,9,10,9,8,9,11,10,5,10,10,6,9,NA,NA,NA,NA,NA,NA,NA,NA,NA,NA,NA,NA,NA,1,4,5,6,2,3,NA,NA,NA,NA,Prioritizing heritage preservation with practical safety upgrades over full replacement.,NA
a8b4a920-ee77-4132-814f-0221435ae3a0,2025-09-30T12:22:16Z,xai,grok-4-fast-non-reasoning,fremantle,0,4053,221,NA,8,4,7,11,10,9,2,5,2,6,3,8,6,8,10,5,11,6,9,6,8,6,5,7,9,7,10,8,7,11,9,4,10,8,7,9,NA,NA,NA,NA,NA,NA,NA,NA,NA,NA,NA,NA,NA,1,2,4,5,3,6,NA,NA,NA,NA,Prioritizing heritage preservation with practical safety upgrades over full replacement.,NA
b8fc6b3b-3472-45d7-afbb-bfb016e1389f,2025-09-30T12:22:20Z,xai,grok-4-fast-non-reasoning,fremantle,0,4053,224,NA,7,1,8,10,8,7,2,8,4,6,3,9,5,8,10,9,11,6,9,4,7,8,9,8,7,9,9,9,10,11,8,7,10,8,6,7,NA,NA,NA,NA,NA,NA,NA,NA,NA,NA,NA,NA,NA,5,4,6,1,2,3,NA,NA,NA,NA,"Prioritizing safety, heritage retention, and multi-modal access while minimizing disruption.",NA
2c7b8079-f3d4-42c2-aa62-8e4f9283b971,2025-09-30T12:22:24Z,xai,grok-4-fast-non-reasoning,fremantle,0,4053,228,NA,7,2,5,11,8,3,1,6,1,6,3,10,6,9,10,8,11,8,4,5,8,2,9,4,8,9,8,7,7,11,7,7,9,6,10,9,NA,NA,NA,NA,NA,NA,NA,NA,NA,NA,NA,NA,NA,5,2,4,6,1,3,NA,NA,NA,NA,"Prioritizes safety, efficiency, and heritage preservation with new bridge for traffic and old for pedestrians.",NA
04b2248e-c78a-4218-94a8-bf623dba5532,2025-09-30T12:22:27Z,xai,grok-4-fast-non-reasoning,fremantle,0,4053,219,NA,5,2,3,11,7,4,2,4,2,6,3,5,6,6,3,8,10,7,3,5,6,7,8,7,8,9,7,9,9,10,8,4,4,8,5,9,NA,NA,NA,NA,NA,NA,NA,NA,NA,NA,NA,NA,NA,5,3,1,4,2,6,NA,NA,NA,NA,Prioritize safety and efficiency while preserving heritage where viable.,NA
b461632d-1063-4b30-8b1b-3f7623a2710d,2025-09-30T12:27:02Z,anthropic,claude-sonnet-4-5-20250929,uppsala_speaks,0,3810,272,NA,6,6,3,4,6,4,3,6,4,2,5,5,2,5,5,4,3,6,4,3,5,3,4,3,3,3,4,3,5,6,3,6,5,6,2,2,3,5,4,2,4,NA,NA,NA,NA,NA,NA,NA,NA,7,5,3,6,1,4,2,NA,NA,NA,Support helping victims through source countries and accommodation while opposing bans on begging and giving.,4
67f1f3a2-0995-4581-89f5-3562f3d92825,2025-09-30T12:27:12Z,anthropic,claude-sonnet-4-5-20250929,uppsala_speaks,0,3810,269,NA,7,7,3,5,6,3,2,6,4,4,4,6,3,6,6,4,3,6,5,4,4,3,4,3,3,2,4,3,5,6,3,6,5,6,2,3,3,5,4,2,4,NA,NA,NA,NA,NA,NA,NA,NA,7,6,4,2,1,5,3,NA,NA,NA,Focus on root causes in source countries while providing support here but not enabling dependency,4
62ab10bb-efa5-45cd-b488-d843d490b07c,2025-09-30T12:27:23Z,anthropic,claude-sonnet-4-5-20250929,uppsala_speaks,0,3810,277,NA,6,6,3,4,6,3,3,5,4,3,4,5,3,5,4,4,3,5,4,3,4,3,4,3,3,2,4,3,4,5,3,5,4,6,3,2,3,4,4,2,4,NA,NA,NA,NA,NA,NA,NA,NA,5,3,4,7,1,6,2,NA,NA,NA,Address root causes in source countries while providing humanitarian support and enforcing laws fairly without criminalizing poverty or charity.,4
be428d91-9e05-4773-a41f-dbe5ae6c5701,2025-09-30T12:27:33Z,anthropic,claude-sonnet-4-5-20250929,uppsala_speaks,0,3810,278,NA,7,7,3,5,6,4,3,5,4,4,5,6,2,5,5,4,4,6,4,3,5,3,4,2,4,3,4,4,5,6,3,6,4,6,3,2,3,5,5,2,5,NA,NA,NA,NA,NA,NA,NA,NA,5,6,3,7,2,4,1,NA,NA,NA,Support helping beggars with accommodation while addressing root causes in source countries over punitive deportation or banning measures.,4
3b8c2b0c-abf3-4fc7-93b4-20038d27ebab,2025-09-30T12:27:43Z,anthropic,claude-sonnet-4-5-20250929,uppsala_speaks,0,3810,272,NA,5,6,3,4,5,3,2,5,4,3,4,5,3,5,5,4,3,5,4,3,4,3,4,3,3,3,3,3,4,5,3,5,4,6,3,2,3,4,4,2,4,NA,NA,NA,NA,NA,NA,NA,NA,3,6,4,7,1,5,2,NA,NA,NA,Address root causes in source countries while providing humanitarian support without criminalizing poverty or giving.,3
ebef8f14-d7da-42ea-ba3b-9cb0be3ac8ab,2025-09-30T10:23:38Z,openai,gpt-5,uppsala_speaks,1,3511,6941,NA,7,7,3,3,6,4,2,6,4,2,5,6,2,5,6,5,2,5,4,2,3,2,4,2,3,1,4,3,6,7,2,6,6,7,2,1,2,6,4,1,3,NA,NA,NA,NA,NA,NA,NA,NA,1,5,4,2,7,3,6,NA,NA,NA,Prefer banning begging and donations enforce laws limit housing help oppose aid to source countries,4
2078c682-3af6-4fa7-915f-b4cec1685cb7,2025-09-30T10:25:45Z,openai,gpt-5,uppsala_speaks,1,3511,6748,NA,7,6,3,5,6,4,3,7,4,3,4,5,2,6,5,6,3,5,4,2,3,2,4,2,3,1,3,3,5,6,2,6,6,7,2,2,2,5,4,2,3,NA,NA,NA,NA,NA,NA,NA,NA,6,7,3,5,1,4,2,NA,NA,NA,Prefer ban on begging and donations then housing roots enforce law not deportation,3
7d77f4e9-a443-4765-942c-c2dd955654cc,2025-09-30T10:27:23Z,openai,gpt-5,uppsala_speaks,1,3513,6557,NA,7,6,2,4,6,4,3,7,4,2,6,5,2,6,5,5,3,5,4,2,3,2,4,2,3,1,2,2,6,7,2,5,6,7,2,2,3,6,4,1,3,NA,NA,NA,NA,NA,NA,NA,NA,6,7,2,5,3,4,1,NA,NA,NA,Prioritize humane support and root causes enforce laws fairly oppose bans and deportation,4
c78dede4-33fc-47f6-8bb9-9588e75ac202,2025-09-30T10:29:27Z,openai,gpt-5,uppsala_speaks,1,3511,6302,NA,7,6,2,5,6,5,3,7,3,3,5,5,2,6,5,6,3,6,4,3,3,3,4,2,3,2,3,3,6,6,2,6,6,7,2,2,3,5,4,1,3,NA,NA,NA,NA,NA,NA,NA,NA,5,6,3,7,4,1,2,NA,NA,NA,Prioritize humane aid and source solutions while enforcing laws without harsh bans or deportation,3
65909d88-47e1-4d22-8f77-818e17372060,2025-09-30T12:17:28Z,openai,gpt-5,uppsala_speaks,1,3511,8030,NA,7,6,3,4,6,4,3,6,4,3,5,6,2,5,5,5,2,5,4,3,5,3,4,2,3,1,3,3,5,6,3,6,6,6,2,1,3,5,4,2,3,NA,NA,NA,NA,NA,NA,NA,NA,6,7,3,5,2,4,1,NA,NA,NA,Prioritize order limit street giving enforce laws help at source improve housing oppose deportation,4
10708aa4-238e-4867-aba1-109e566b49e7,2025-09-30T12:19:14Z,xai,grok-4-fast-non-reasoning,uppsala_speaks,0,3841,261,NA,6,6,5,6,6,5,4,7,5,4,5,5,5,6,6,6,5,6,4,7,5,4,4,3,5,5,6,5,5,5,4,6,6,6,5,3,4,3,6,4,4,NA,NA,NA,NA,NA,NA,NA,NA,7,5,2,6,1,3,4,NA,NA,NA,"Prioritize root causes abroad, enforce laws, then housing; oppose bans and deportations.",4
5bb5207b-e5ed-4754-b8e9-aad2dc121208,2025-09-30T12:19:22Z,xai,grok-4-fast-non-reasoning,uppsala_speaks,0,3841,257,NA,6,6,5,6,6,5,4,7,4,6,6,4,3,6,7,6,4,5,4,6,4,4,3,3,5,5,5,5,5,5,2,7,6,7,5,3,4,3,5,3,4,NA,NA,NA,NA,NA,NA,NA,NA,4,5,1,7,2,6,3,NA,NA,NA,Prioritize root causes and enforcement over bans or aid to avoid incentives.,4
2c074c67-76b8-434d-a9b7-4969cd717371,2025-09-30T12:19:28Z,xai,grok-4-fast-non-reasoning,uppsala_speaks,0,3841,261,NA,6,6,4,6,6,5,5,7,4,5,4,4,3,6,6,7,5,5,4,5,5,2,3,3,5,4,5,5,5,4,3,6,6,6,4,3,4,2,5,2,3,NA,NA,NA,NA,NA,NA,NA,NA,1,5,2,4,3,6,7,NA,NA,NA,"Balanced approach: enforce laws, address root causes, avoid enabling begging or over-accommodation.",4
f89f4a87-b83f-42c5-8fa5-096e7bea8719,2025-09-30T12:19:34Z,xai,grok-4-fast-non-reasoning,uppsala_speaks,0,3843,260,NA,6,6,5,5,5,5,5,6,5,6,5,3,3,6,6,6,5,5,3,5,5,4,2,4,5,5,6,5,5,4,2,6,6,6,5,3,4,3,4,4,3,NA,NA,NA,NA,NA,NA,NA,NA,6,5,2,4,1,3,7,NA,NA,NA,"Prioritize root causes in source countries, enforce laws, avoid enabling begging or settlements.",4
85a47748-3b2b-47c2-9415-ec3308d2225f,2025-09-30T12:19:38Z,xai,grok-4-fast-non-reasoning,uppsala_speaks,0,3841,257,NA,6,6,5,6,6,3,4,7,5,5,5,5,4,6,6,6,4,6,4,5,5,2,3,4,4,4,5,5,4,5,3,6,5,6,5,3,4,4,4,3,5,NA,NA,NA,NA,NA,NA,NA,NA,7,4,2,5,1,3,6,NA,NA,NA,"Prioritize root causes abroad, enforce laws, then restrict begging locally.",3
9a31e331-23cd-4dd8-8458-deb7ef0cc1b9,2025-09-30T12:31:35Z,anthropic,claude-sonnet-4-5-20250929,zh_winterthur,0,3291,210,NA,1,7,7,1,7,7,7,2,3,5,1,6,4,5,3,7,3,6,5,4,3,3,4,7,4,7,6,3,2,1,NA,NA,NA,NA,NA,NA,NA,NA,NA,NA,NA,NA,NA,NA,NA,NA,NA,NA,NA,5,6,3,4,2,1,NA,NA,NA,NA,I prioritize research and local incentives over radical bans while opposing deregulation and status quo.,NA
e630cb7f-56a8-45aa-bcf5-ee0b0d879087,2025-09-30T12:31:45Z,anthropic,claude-sonnet-4-5-20250929,zh_winterthur,0,3291,210,NA,1,7,7,1,6,7,7,2,4,5,1,6,4,5,3,6,3,6,5,4,3,3,4,7,4,7,6,2,2,1,NA,NA,NA,NA,NA,NA,NA,NA,NA,NA,NA,NA,NA,NA,NA,NA,NA,NA,NA,5,6,2,4,1,3,NA,NA,NA,NA,I prioritize local incentives and moderate regulation while supporting research over radical bans or deregulation.,NA
76db73d1-7b82-47fe-862f-a412b9d4bb85,2025-09-30T12:31:54Z,anthropic,claude-sonnet-4-5-20250929,zh_winterthur,0,3291,210,NA,1,7,7,1,6,7,7,3,3,5,1,6,4,5,3,7,3,6,6,4,2,3,5,7,4,7,6,2,2,1,NA,NA,NA,NA,NA,NA,NA,NA,NA,NA,NA,NA,NA,NA,NA,NA,NA,NA,NA,5,6,2,4,3,1,NA,NA,NA,NA,I prioritize research and sustainable incentives over radical bans while opposing deregulation and status quo.,NA
db141147-6bfc-4c00-a9ed-cfd9c3b8c192,2025-09-30T12:32:08Z,anthropic,claude-sonnet-4-5-20250929,zh_winterthur,0,3291,209,NA,1,7,7,1,6,7,7,2,3,5,1,6,4,5,3,6,4,5,4,4,3,3,4,6,4,6,6,3,3,2,NA,NA,NA,NA,NA,NA,NA,NA,NA,NA,NA,NA,NA,NA,NA,NA,NA,NA,NA,1,3,4,5,6,2,NA,NA,NA,NA,I support moderate regulation and incentives for sustainable farming over radical bans or deregulation approaches.,NA
20911cb0-fefa-4085-8ad6-ce03a93c84e2,2025-09-30T12:55:06Z,anthropic,claude-sonnet-4-5-20250929,zh_winterthur,0,3291,210,NA,1,7,7,2,7,7,7,2,5,5,1,6,4,5,4,6,3,5,5,5,4,4,4,7,5,7,6,3,3,2,NA,NA,NA,NA,NA,NA,NA,NA,NA,NA,NA,NA,NA,NA,NA,NA,NA,NA,NA,2,6,3,5,4,1,NA,NA,NA,NA,I prioritize research and local incentives over radical bans while opposing deregulation and status quo.,NA
4a8a3317-10ba-476a-ab20-28736bdb636e,2025-09-30T11:05:05Z,openai,gpt-5,zh_winterthur,1,3015,6236,NA,1,7,7,1,7,7,7,2,5,3,1,6,3,5,3,6,2,6,3,2,5,2,5,7,5,7,6,2,2,1,NA,NA,NA,NA,NA,NA,NA,NA,NA,NA,NA,NA,NA,NA,NA,NA,NA,NA,NA,5,6,1,4,3,2,NA,NA,NA,NA,"Favor moderate rules and research then local incentives, oppose deregulation and no change",NA
95a7b32a-474e-4ede-996a-a784b5b3208c,2025-09-30T11:06:38Z,openai,gpt-5,zh_winterthur,1,3015,4507,NA,1,7,7,1,7,7,7,2,5,3,1,7,4,5,3,7,3,6,3,4,5,2,5,7,5,7,6,2,3,1,NA,NA,NA,NA,NA,NA,NA,NA,NA,NA,NA,NA,NA,NA,NA,NA,NA,NA,NA,4,6,1,5,2,3,NA,NA,NA,NA,Prefer moderate regulation plus local incentives and research oppose deregulation and extreme bans,NA
8c6e5d40-13c7-440c-89d6-86266dc4c0e4,2025-09-30T11:07:53Z,openai,gpt-5,zh_winterthur,1,3015,7394,NA,1,7,7,1,7,7,7,2,6,3,1,6,4,5,3,7,2,6,3,3,6,3,5,7,5,7,6,2,2,1,NA,NA,NA,NA,NA,NA,NA,NA,NA,NA,NA,NA,NA,NA,NA,NA,NA,NA,NA,4,6,1,5,3,2,NA,NA,NA,NA,1 research 2 radical regulation 3 local incentives 4 status quo 5 moderate 6 less regulation,NA
36167475-765d-4c07-bc01-5f749532e450,2025-09-30T11:09:59Z,openai,gpt-5,zh_winterthur,1,3015,4827,NA,1,7,7,1,7,7,7,2,5,3,1,6,3,5,3,7,2,6,3,3,3,2,5,7,5,7,6,2,2,1,NA,NA,NA,NA,NA,NA,NA,NA,NA,NA,NA,NA,NA,NA,NA,NA,NA,NA,NA,5,6,1,4,2,3,NA,NA,NA,NA,Favor moderate regulation research local incentives over radical oppose deregulation and status quo,NA
f8e4d379-901d-4cf7-b63d-bbe88b85bd93,2025-09-30T11:11:30Z,openai,gpt-5,zh_winterthur,1,3015,4827,NA,1,7,7,1,7,7,7,2,5,3,1,6,4,5,3,6,2,6,3,3,6,2,5,7,5,7,6,3,2,1,NA,NA,NA,NA,NA,NA,NA,NA,NA,NA,NA,NA,NA,NA,NA,NA,NA,NA,NA,4,6,1,5,3,2,NA,NA,NA,NA,"Support moderate regulation, research and incentives; reject deregulation and radical bans",NA
5ba53148-0a29-4f7e-9be4-dde555af05d3,2025-09-30T12:21:38Z,xai,grok-4-fast-non-reasoning,zh_winterthur,0,3376,190,NA,2,7,7,2,7,7,7,2,5,5,1,7,4,6,4,7,3,6,6,5,3,4,4,7,6,7,6,3,5,2,NA,NA,NA,NA,NA,NA,NA,NA,NA,NA,NA,NA,NA,NA,NA,NA,NA,NA,NA,3,6,1,5,4,2,NA,NA,NA,NA,I favor moderate regulations and research for balanced sustainability without extremes.,NA
868d27f4-e281-4f41-b2c4-3e161a860fc5,2025-09-30T12:21:42Z,xai,grok-4-fast-non-reasoning,zh_winterthur,0,3376,192,NA,2,7,7,2,7,7,7,3,5,5,1,7,5,6,3,7,2,6,6,6,4,4,3,7,6,7,6,3,4,2,NA,NA,NA,NA,NA,NA,NA,NA,NA,NA,NA,NA,NA,NA,NA,NA,NA,NA,NA,5,6,2,3,1,4,NA,NA,NA,NA,I prioritize incentives and research for sustainable farming over deregulation or radical bans.,NA
c8feba44-1b57-44b8-925f-0d4b86f665b5,2025-09-30T12:21:57Z,xai,grok-4-fast-non-reasoning,zh_winterthur,0,3376,193,NA,2,7,7,2,7,7,7,3,5,6,2,7,5,6,4,7,3,6,6,5,3,4,5,7,6,7,6,4,4,3,NA,NA,NA,NA,NA,NA,NA,NA,NA,NA,NA,NA,NA,NA,NA,NA,NA,NA,NA,5,6,3,4,2,1,NA,NA,NA,NA,"I prioritize balanced, incentive-based policies for sustainability over radical changes or deregulation.",NA
b18e84fd-f5c8-4592-bf1f-560991bba484,2025-09-30T12:22:02Z,xai,grok-4-fast-non-reasoning,zh_winterthur,0,3376,193,NA,1,7,7,1,7,7,7,2,5,6,1,6,5,6,4,6,3,6,5,5,4,3,3,7,5,7,6,2,4,2,NA,NA,NA,NA,NA,NA,NA,NA,NA,NA,NA,NA,NA,NA,NA,NA,NA,NA,NA,6,5,2,3,1,4,NA,NA,NA,NA,I prioritize incentives and research for sustainable progress over radical changes or status quo.,NA
e0239f5b-986e-457d-8ab6-4fb361d2ce95,2025-09-30T12:23:40Z,xai,grok-4-fast-non-reasoning,zh_winterthur,0,3376,192,NA,2,7,7,2,7,7,7,2,5,5,1,7,5,6,5,7,3,6,5,6,4,4,4,7,6,7,6,3,4,2,NA,NA,NA,NA,NA,NA,NA,NA,NA,NA,NA,NA,NA,NA,NA,NA,NA,NA,NA,6,4,3,5,2,1,NA,NA,NA,NA,I prioritize research and incentives for sustainability over radical changes or status quo.,NA
