provider,model,survey,N,mean_input_tokens,mean_output_tokens
anthropic,claude-3-5-haiku-20241022,acp,10,5249,292
anthropic,claude-3-5-haiku-20241022,auscj,10,4607,295
anthropic,claude-3-5-haiku-20241022,bep,9,4471,261
anthropic,claude-3-5-haiku-20241022,biobanking_mayo_ubc,10,3976,252
anthropic,claude-3-5-haiku-20241022,biobanking_wa,10,5148,309
anthropic,claude-3-5-haiku-20241022,ccps,10,3509,229
anthropic,claude-3-5-haiku-20241022,ds_aargau,8,3606,229
anthropic,claude-3-5-haiku-20241022,ds_bellinzona,8,3518,166
anthropic,claude-3-5-haiku-20241022,energy_futures,10,4974,301
anthropic,claude-3-5-haiku-20241022,fnqcj,10,4709,220
anthropic,claude-3-5-haiku-20241022,forestera,10,4994,287
anthropic,claude-3-5-haiku-20241022,fremantle,10,4020,240
anthropic,claude-3-5-haiku-20241022,gbr,8,3945,222
anthropic,claude-3-5-haiku-20241022,swiss_health,9,2959,179
anthropic,claude-3-5-haiku-20241022,uppsala_speaks,10,3810,274
anthropic,claude-3-5-haiku-20241022,valsamoggia,10,4414,228
anthropic,claude-3-5-haiku-20241022,zh_thalwil,10,3401,162
anthropic,claude-3-5-haiku-20241022,zh_uster,10,3499,185
anthropic,claude-3-5-haiku-20241022,zh_winterthur,10,3271,197
anthropic,claude-3-5-haiku-20241022,zukunft,9,2908,165
anthropic,claude-3-5-sonnet-20241022,acp,20,5251,289
anthropic,claude-3-5-sonnet-20241022,auscj,15,4607,289
anthropic,claude-3-5-sonnet-20241022,bep,15,4502,272
anthropic,claude-3-5-sonnet-20241022,biobanking_mayo_ubc,17,3976,248
anthropic,claude-3-5-sonnet-20241022,biobanking_wa,15,5148,304
anthropic,claude-3-5-sonnet-20241022,ccps,18,3509,224
anthropic,claude-3-5-sonnet-20241022,ds_aargau,15,3606,224
anthropic,claude-3-5-sonnet-20241022,ds_bellinzona,15,3625,219
anthropic,claude-3-5-sonnet-20241022,energy_futures,14,4974,297
anthropic,claude-3-5-sonnet-20241022,fnqcj,20,4790,257
anthropic,claude-3-5-sonnet-20241022,forestera,19,4994,283
anthropic,claude-3-5-sonnet-20241022,fremantle,15,4020,234
anthropic,claude-3-5-sonnet-20241022,gbr,15,3974,233
anthropic,claude-3-5-sonnet-20241022,swiss_health,15,2959,173
anthropic,claude-3-5-sonnet-20241022,uppsala_speaks,20,3810,270
anthropic,claude-3-5-sonnet-20241022,valsamoggia,15,4414,225
anthropic,claude-3-5-sonnet-20241022,zh_thalwil,15,3505,215
anthropic,claude-3-5-sonnet-20241022,zh_uster,15,3562,214
anthropic,claude-3-5-sonnet-20241022,zh_winterthur,15,3291,203
anthropic,claude-3-5-sonnet-20241022,zukunft,15,2908,161
anthropic,claude-3-7-sonnet-20250219,acp,10,5251,290
anthropic,claude-3-7-sonnet-20250219,ccps,10,3509,225
anthropic,claude-3-7-sonnet-20250219,fnqcj,10,4790,258
anthropic,claude-3-7-sonnet-20250219,forestera,8,4994,284
anthropic,claude-3-7-sonnet-20250219,uppsala_speaks,10,3810,270
anthropic,claude-3-haiku-20240307,acp,10,5236,280
anthropic,claude-3-haiku-20240307,auscj,10,4583,270
anthropic,claude-3-haiku-20240307,bep,9,4481,258
anthropic,claude-3-haiku-20240307,biobanking_mayo_ubc,10,3969,247
anthropic,claude-3-haiku-20240307,biobanking_wa,10,5133,295
anthropic,claude-3-haiku-20240307,ccps,10,3492,211
anthropic,claude-3-haiku-20240307,ds_aargau,10,3565,198
anthropic,claude-3-haiku-20240307,ds_bellinzona,10,3569,187
anthropic,claude-3-haiku-20240307,energy_futures,10,4947,281
anthropic,claude-3-haiku-20240307,fnqcj,10,4776,253
anthropic,claude-3-haiku-20240307,forestera,10,4975,270
anthropic,claude-3-haiku-20240307,fremantle,10,3980,215
anthropic,claude-3-haiku-20240307,gbr,9,3974,241
anthropic,claude-3-haiku-20240307,swiss_health,10,2942,164
anthropic,claude-3-haiku-20240307,uppsala_speaks,10,3789,252
anthropic,claude-3-haiku-20240307,valsamoggia,10,4411,231
anthropic,claude-3-haiku-20240307,zh_thalwil,10,3465,187
anthropic,claude-3-haiku-20240307,zh_uster,10,3543,200
anthropic,claude-3-haiku-20240307,zh_winterthur,10,3273,195
anthropic,claude-3-haiku-20240307,zukunft,10,2893,151
anthropic,claude-3-opus-20240229,acp,2,5251,290
anthropic,claude-3-opus-20240229,auscj,2,4607,290
anthropic,claude-3-opus-20240229,bep,2,4502,275
anthropic,claude-3-opus-20240229,biobanking_mayo_ubc,2,3976,249
anthropic,claude-3-opus-20240229,biobanking_wa,2,5148,306
anthropic,claude-3-opus-20240229,ccps,2,3509,229
anthropic,claude-3-opus-20240229,ds_aargau,2,3606,226
anthropic,claude-3-opus-20240229,ds_bellinzona,2,3625,221
anthropic,claude-3-opus-20240229,energy_futures,2,4974,296
anthropic,claude-3-opus-20240229,fnqcj,2,4790,263
anthropic,claude-3-opus-20240229,forestera,2,4994,286
anthropic,claude-3-opus-20240229,fremantle,2,4020,237
anthropic,claude-3-opus-20240229,gbr,2,3974,234
anthropic,claude-3-opus-20240229,swiss_health,2,2959,178
anthropic,claude-3-opus-20240229,uppsala_speaks,2,3810,273
anthropic,claude-3-opus-20240229,valsamoggia,2,4414,228
anthropic,claude-3-opus-20240229,zh_thalwil,2,3505,216
anthropic,claude-3-opus-20240229,zh_uster,2,3562,218
anthropic,claude-3-opus-20240229,zh_winterthur,2,3291,204
anthropic,claude-3-opus-20240229,zukunft,2,2908,161
cohere,command,acp,20,5107,277
cohere,command,auscj,19,4462,385
cohere,command,bep,16,4439,279
cohere,command,biobanking_mayo_ubc,18,3908,237
cohere,command,biobanking_wa,17,5112,289
cohere,command,ccps,15,3445,217
cohere,command,ds_aargau,15,3545,226
cohere,command,ds_bellinzona,18,3543,202
cohere,command,energy_futures,18,4782,267
cohere,command,fnqcj,19,4426,241
cohere,command,forestera,19,4753,253
cohere,command,fremantle,14,3873,266
cohere,command,gbr,17,3781,215
cohere,command,swiss_health,20,2928,162
cohere,command,uppsala_speaks,18,3671,258
cohere,command,valsamoggia,14,4336,240
cohere,command,zh_thalwil,17,3450,213
cohere,command,zh_uster,18,3529,216
cohere,command,zh_winterthur,19,3175,190
cohere,command,zukunft,14,2839,146
cohere,command-r-08-2024,acp,40,5902,350
cohere,command-r-08-2024,auscj,20,5187,322
cohere,command-r-08-2024,bep,20,5087,303
cohere,command-r-08-2024,biobanking_mayo_ubc,30,4522,288
cohere,command-r-08-2024,biobanking_wa,20,5838,364
cohere,command-r-08-2024,ccps,34,4150,252
cohere,command-r-08-2024,ds_aargau,30,4208,241
cohere,command-r-08-2024,ds_bellinzona,30,4226,234
cohere,command-r-08-2024,energy_futures,20,5569,351
cohere,command-r-08-2024,fnqcj,40,5191,304
cohere,command-r-08-2024,forestera,30,5548,346
cohere,command-r-08-2024,fremantle,30,4584,284
cohere,command-r-08-2024,gbr,20,4445,254
cohere,command-r-08-2024,swiss_health,20,3533,181
cohere,command-r-08-2024,uppsala_speaks,40,4378,292
cohere,command-r-08-2024,valsamoggia,20,4998,254
cohere,command-r-08-2024,zh_thalwil,30,4118,228
cohere,command-r-08-2024,zh_uster,30,4139,231
cohere,command-r-08-2024,zh_winterthur,30,3814,219
cohere,command-r-08-2024,zukunft,22,3419,167
cohere,command-r-plus-08-2024,acp,5,5839,324
cohere,command-r-plus-08-2024,auscj,4,5190,324
cohere,command-r-plus-08-2024,bep,3,5090,303
cohere,command-r-plus-08-2024,biobanking_mayo_ubc,5,4487,271
cohere,command-r-plus-08-2024,biobanking_wa,5,5786,342
cohere,command-r-plus-08-2024,ccps,5,4130,245
cohere,command-r-plus-08-2024,ds_aargau,5,4211,243
cohere,command-r-plus-08-2024,ds_bellinzona,5,4229,238
cohere,command-r-plus-08-2024,energy_futures,1,5526,326
cohere,command-r-plus-08-2024,fnqcj,5,5153,292
cohere,command-r-plus-08-2024,forestera,5,5485,315
cohere,command-r-plus-08-2024,fremantle,4,4549,262
cohere,command-r-plus-08-2024,gbr,4,4447,256
cohere,command-r-plus-08-2024,swiss_health,5,3536,184
cohere,command-r-plus-08-2024,uppsala_speaks,5,4381,297
cohere,command-r-plus-08-2024,valsamoggia,5,5004,251
cohere,command-r-plus-08-2024,zh_thalwil,5,4121,230
cohere,command-r-plus-08-2024,zh_uster,5,4142,230
cohere,command-r-plus-08-2024,zh_winterthur,5,3817,220
cohere,command-r-plus-08-2024,zukunft,5,3422,162
cohere,command-r7b-12-2024,acp,30,6741,343
cohere,command-r7b-12-2024,auscj,30,6078,334
cohere,command-r7b-12-2024,bep,30,5978,311
cohere,command-r7b-12-2024,biobanking_mayo_ubc,30,5387,286
cohere,command-r7b-12-2024,biobanking_wa,30,6690,357
cohere,command-r7b-12-2024,ccps,30,5022,257
cohere,command-r7b-12-2024,ds_aargau,30,5099,254
cohere,command-r7b-12-2024,ds_bellinzona,30,5117,247
cohere,command-r7b-12-2024,energy_futures,30,6420,345
cohere,command-r7b-12-2024,fnqcj,30,6051,312
cohere,command-r7b-12-2024,forestera,30,6390,338
cohere,command-r7b-12-2024,fremantle,30,5439,274
cohere,command-r7b-12-2024,gbr,30,5336,264
cohere,command-r7b-12-2024,swiss_health,30,4424,196
cohere,command-r7b-12-2024,uppsala_speaks,30,5269,311
cohere,command-r7b-12-2024,valsamoggia,30,5886,262
cohere,command-r7b-12-2024,zh_thalwil,30,5009,243
cohere,command-r7b-12-2024,zh_uster,30,5030,243
cohere,command-r7b-12-2024,zh_winterthur,30,4705,231
cohere,command-r7b-12-2024,zukunft,30,4310,176
deepseek,deepseek-chat,acp,32,4869,282
deepseek,deepseek-chat,auscj,32,4235,284
deepseek,deepseek-chat,bep,32,4146,268
deepseek,deepseek-chat,biobanking_mayo_ubc,32,3625,241
deepseek,deepseek-chat,biobanking_wa,32,4863,294
deepseek,deepseek-chat,ccps,32,3231,218
deepseek,deepseek-chat,ds_aargau,32,3306,221
deepseek,deepseek-chat,ds_bellinzona,32,3318,216
deepseek,deepseek-chat,energy_futures,32,4537,293
deepseek,deepseek-chat,fnqcj,32,4322,252
deepseek,deepseek-chat,forestera,32,4502,274
deepseek,deepseek-chat,fremantle,32,3719,226
deepseek,deepseek-chat,gbr,31,3574,228
deepseek,deepseek-chat,swiss_health,32,2691,168
deepseek,deepseek-chat,uppsala_speaks,32,3460,263
deepseek,deepseek-chat,valsamoggia,32,4185,217
deepseek,deepseek-chat,zh_thalwil,32,3223,209
deepseek,deepseek-chat,zh_uster,32,3295,210
deepseek,deepseek-chat,zh_winterthur,32,2999,198
deepseek,deepseek-chat,zukunft,32,2632,153
deepseek,deepseek-reasoner,acp,31,4875,4013
deepseek,deepseek-reasoner,auscj,31,4241,3486
deepseek,deepseek-reasoner,bep,31,4152,3078
deepseek,deepseek-reasoner,biobanking_mayo_ubc,31,3631,3003
deepseek,deepseek-reasoner,biobanking_wa,31,4878,3077
deepseek,deepseek-reasoner,ccps,31,3236,2656
deepseek,deepseek-reasoner,ds_aargau,31,3312,3069
deepseek,deepseek-reasoner,ds_bellinzona,31,3323,3350
deepseek,deepseek-reasoner,energy_futures,31,4543,3543
deepseek,deepseek-reasoner,fnqcj,31,4328,3236
deepseek,deepseek-reasoner,forestera,31,4517,2850
deepseek,deepseek-reasoner,fremantle,31,3726,7418
deepseek,deepseek-reasoner,gbr,31,3580,2507
deepseek,deepseek-reasoner,swiss_health,31,2697,2536
deepseek,deepseek-reasoner,uppsala_speaks,31,3465,2983
deepseek,deepseek-reasoner,valsamoggia,30,4191,8225
deepseek,deepseek-reasoner,zh_thalwil,31,3228,3003
deepseek,deepseek-reasoner,zh_uster,31,3300,2968
deepseek,deepseek-reasoner,zh_winterthur,31,3005,2568
deepseek,deepseek-reasoner,zukunft,31,2638,2291
google,gemini-1.5-flash,acp,100,5244,328
google,gemini-1.5-flash,auscj,50,4601,318
google,gemini-1.5-flash,bep,47,4469,301
google,gemini-1.5-flash,biobanking_mayo_ubc,100,3912,277
google,gemini-1.5-flash,biobanking_wa,50,5167,345
google,gemini-1.5-flash,ccps,93,3547,247
google,gemini-1.5-flash,ds_aargau,47,3604,241
google,gemini-1.5-flash,ds_bellinzona,62,3613,235
google,gemini-1.5-flash,energy_futures,50,4945,325
google,gemini-1.5-flash,fnqcj,100,4524,288
google,gemini-1.5-flash,forestera,99,4888,324
google,gemini-1.5-flash,fremantle,50,3941,257
google,gemini-1.5-flash,gbr,49,3870,251
google,gemini-1.5-flash,swiss_health,50,2888,182
google,gemini-1.5-flash,uppsala_speaks,89,3713,294
google,gemini-1.5-flash,valsamoggia,50,4347,247
google,gemini-1.5-flash,zh_thalwil,95,3508,230
google,gemini-1.5-flash,zh_uster,92,3544,231
google,gemini-1.5-flash,zh_winterthur,98,3177,217
google,gemini-1.5-flash,zukunft,43,2799,162
google,gemini-1.5-flash-8b,acp,52,5242,324
google,gemini-1.5-flash-8b,auscj,37,4601,315
google,gemini-1.5-flash-8b,bep,32,4469,303
google,gemini-1.5-flash-8b,biobanking_mayo_ubc,47,3917,278
google,gemini-1.5-flash-8b,biobanking_wa,35,5170,346
google,gemini-1.5-flash-8b,ccps,50,3544,246
google,gemini-1.5-flash-8b,ds_aargau,33,3604,241
google,gemini-1.5-flash-8b,ds_bellinzona,40,3613,238
google,gemini-1.5-flash-8b,energy_futures,37,4940,322
google,gemini-1.5-flash-8b,fnqcj,52,4525,295
google,gemini-1.5-flash-8b,forestera,47,4882,321
google,gemini-1.5-flash-8b,fremantle,37,3943,259
google,gemini-1.5-flash-8b,gbr,33,3870,251
google,gemini-1.5-flash-8b,swiss_health,37,2888,182
google,gemini-1.5-flash-8b,uppsala_speaks,51,3713,300
google,gemini-1.5-flash-8b,valsamoggia,37,4343,248
google,gemini-1.5-flash-8b,zh_thalwil,41,3508,231
google,gemini-1.5-flash-8b,zh_uster,35,3544,230
google,gemini-1.5-flash-8b,zh_winterthur,46,3177,220
google,gemini-1.5-flash-8b,zukunft,32,2799,160
google,gemini-1.5-pro,acp,36,5253,331
google,gemini-1.5-pro,auscj,36,4601,319
google,gemini-1.5-pro,bep,34,4469,299
google,gemini-1.5-pro,biobanking_mayo_ubc,36,3909,273
google,gemini-1.5-pro,biobanking_wa,36,5165,342
google,gemini-1.5-pro,ccps,35,3548,247
google,gemini-1.5-pro,ds_aargau,36,3604,242
google,gemini-1.5-pro,ds_bellinzona,33,3613,236
google,gemini-1.5-pro,energy_futures,36,4943,327
google,gemini-1.5-pro,fnqcj,36,4516,284
google,gemini-1.5-pro,forestera,36,4886,320
google,gemini-1.5-pro,fremantle,36,3938,257
google,gemini-1.5-pro,gbr,35,3870,253
google,gemini-1.5-pro,swiss_health,36,2888,182
google,gemini-1.5-pro,uppsala_speaks,36,3713,292
google,gemini-1.5-pro,valsamoggia,36,4344,248
google,gemini-1.5-pro,zh_thalwil,33,3508,231
google,gemini-1.5-pro,zh_uster,30,3544,231
google,gemini-1.5-pro,zh_winterthur,36,3177,217
google,gemini-1.5-pro,zukunft,33,2799,164
google,gemini-2.0-flash,acp,30,5259,334
google,gemini-2.0-flash,auscj,30,4601,321
google,gemini-2.0-flash,bep,30,4469,301
google,gemini-2.0-flash,biobanking_mayo_ubc,30,3917,279
google,gemini-2.0-flash,biobanking_wa,30,5176,347
google,gemini-2.0-flash,ccps,30,3555,251
google,gemini-2.0-flash,ds_aargau,30,3604,242
google,gemini-2.0-flash,ds_bellinzona,30,3613,234
google,gemini-2.0-flash,energy_futures,30,4948,330
google,gemini-2.0-flash,fnqcj,30,4523,293
google,gemini-2.0-flash,forestera,30,4899,329
google,gemini-2.0-flash,fremantle,30,3940,259
google,gemini-2.0-flash,gbr,30,3870,253
google,gemini-2.0-flash,swiss_health,30,2888,182
google,gemini-2.0-flash,uppsala_speaks,30,3713,298
google,gemini-2.0-flash,valsamoggia,30,4344,249
google,gemini-2.0-flash,zh_thalwil,30,3508,229
google,gemini-2.0-flash,zh_uster,30,3544,231
google,gemini-2.0-flash,zh_winterthur,30,3177,217
google,gemini-2.0-flash,zukunft,30,2799,164
google,gemma2,acp,10,0,0
google,gemma2,auscj,10,0,0
google,gemma2,bep,8,0,0
google,gemma2,biobanking_mayo_ubc,10,0,0
google,gemma2,biobanking_wa,9,0,0
google,gemma2,ccps,7,0,0
google,gemma2,ds_aargau,9,0,0
google,gemma2,ds_bellinzona,10,0,0
google,gemma2,energy_futures,9,0,0
google,gemma2,fnqcj,10,0,0
google,gemma2,forestera,9,0,0
google,gemma2,fremantle,10,0,0
google,gemma2,gbr,8,0,0
google,gemma2,swiss_health,9,0,0
google,gemma2,uppsala_speaks,10,0,0
google,gemma2,valsamoggia,10,0,0
google,gemma2,zh_thalwil,9,0,0
google,gemma2,zh_uster,9,0,0
google,gemma2,zh_winterthur,10,0,0
google,gemma2,zukunft,10,0,0
meta,llama3.2,acp,12,0,0
meta,llama3.2,bep,20,0,0
meta,llama3.2,biobanking_mayo_ubc,20,0,0
meta,llama3.2,biobanking_wa,14,0,0
meta,llama3.2,ccps,18,0,0
meta,llama3.2,ds_aargau,19,0,0
meta,llama3.2,ds_bellinzona,18,0,0
meta,llama3.2,energy_futures,11,0,0
meta,llama3.2,fnqcj,19,0,0
meta,llama3.2,forestera,12,0,0
meta,llama3.2,fremantle,15,0,0
meta,llama3.2,gbr,16,0,0
meta,llama3.2,swiss_health,16,0,0
meta,llama3.2,uppsala_speaks,16,0,0
meta,llama3.2,valsamoggia,18,0,0
meta,llama3.2,zh_thalwil,4,0,0
meta,llama3.2,zh_uster,20,0,0
meta,llama3.2,zh_winterthur,14,0,0
meta,llama3.2,zukunft,12,0,0
microsoft,phi3.5,acp,17,0,0
microsoft,phi3.5,auscj,4,0,0
microsoft,phi3.5,bep,4,0,0
microsoft,phi3.5,biobanking_mayo_ubc,20,0,0
microsoft,phi3.5,biobanking_wa,4,0,0
microsoft,phi3.5,ccps,18,0,0
microsoft,phi3.5,ds_aargau,6,0,0
microsoft,phi3.5,ds_bellinzona,6,0,0
microsoft,phi3.5,energy_futures,9,0,0
microsoft,phi3.5,fnqcj,18,0,0
microsoft,phi3.5,forestera,18,0,0
microsoft,phi3.5,fremantle,8,0,0
microsoft,phi3.5,gbr,15,0,0
microsoft,phi3.5,swiss_health,10,0,0
microsoft,phi3.5,uppsala_speaks,10,0,0
microsoft,phi3.5,valsamoggia,23,0,0
microsoft,phi3.5,zh_thalwil,9,0,0
microsoft,phi3.5,zh_uster,13,0,0
microsoft,phi3.5,zh_winterthur,10,0,0
microsoft,phi3.5,zukunft,9,0,0
microsoft,phi4,acp,10,0,0
microsoft,phi4,auscj,10,0,0
microsoft,phi4,bep,8,0,0
microsoft,phi4,biobanking_mayo_ubc,10,0,0
microsoft,phi4,biobanking_wa,9,0,0
microsoft,phi4,ccps,9,0,0
microsoft,phi4,ds_aargau,10,0,0
microsoft,phi4,ds_bellinzona,9,0,0
microsoft,phi4,energy_futures,10,0,0
microsoft,phi4,fnqcj,10,0,0
microsoft,phi4,forestera,10,0,0
microsoft,phi4,fremantle,10,0,0
microsoft,phi4,gbr,10,0,0
microsoft,phi4,swiss_health,9,0,0
microsoft,phi4,uppsala_speaks,10,0,0
microsoft,phi4,valsamoggia,10,0,0
microsoft,phi4,zh_thalwil,10,0,0
microsoft,phi4,zh_uster,10,0,0
microsoft,phi4,zh_winterthur,7,0,0
microsoft,phi4,zukunft,9,0,0
mistralai,ministral-3b-latest,acp,5,5167,353
mistralai,ministral-3b-latest,auscj,5,4478,380
mistralai,ministral-3b-latest,bep,5,4392,300
mistralai,ministral-3b-latest,biobanking_mayo_ubc,5,3896,317
mistralai,ministral-3b-latest,biobanking_wa,5,5140,362
mistralai,ministral-3b-latest,ccps,5,3412,247
mistralai,ministral-3b-latest,ds_aargau,8,3474,250
mistralai,ministral-3b-latest,ds_bellinzona,7,3483,263
mistralai,ministral-3b-latest,energy_futures,5,4807,343
mistralai,ministral-3b-latest,fnqcj,9,4572,295
mistralai,ministral-3b-latest,forestera,5,4837,353
mistralai,ministral-3b-latest,fremantle,5,3926,325
mistralai,ministral-3b-latest,gbr,6,3853,258
mistralai,ministral-3b-latest,swiss_health,5,2824,182
mistralai,ministral-3b-latest,uppsala_speaks,7,3694,298
mistralai,ministral-3b-latest,valsamoggia,4,4360,243
mistralai,ministral-3b-latest,zh_thalwil,5,3375,223
mistralai,ministral-3b-latest,zh_uster,6,3449,229
mistralai,ministral-3b-latest,zh_winterthur,8,3164,216
mistralai,ministral-3b-latest,zukunft,9,2733,168
mistralai,ministral-8b-latest,acp,8,5180,346
mistralai,ministral-8b-latest,auscj,8,4478,317
mistralai,ministral-8b-latest,bep,1,4394,310
mistralai,ministral-8b-latest,biobanking_mayo_ubc,6,3887,286
mistralai,ministral-8b-latest,biobanking_wa,4,5134,356
mistralai,ministral-8b-latest,ccps,8,3417,246
mistralai,ministral-8b-latest,ds_aargau,2,3474,236
mistralai,ministral-8b-latest,ds_bellinzona,9,3483,236
mistralai,ministral-8b-latest,energy_futures,4,4802,343
mistralai,ministral-8b-latest,fnqcj,7,4576,304
mistralai,ministral-8b-latest,forestera,7,4865,348
mistralai,ministral-8b-latest,fremantle,6,3921,265
mistralai,ministral-8b-latest,gbr,4,3852,249
mistralai,ministral-8b-latest,swiss_health,8,2824,190
mistralai,ministral-8b-latest,uppsala_speaks,3,3693,305
mistralai,ministral-8b-latest,valsamoggia,4,4352,253
mistralai,ministral-8b-latest,zh_thalwil,7,3375,228
mistralai,ministral-8b-latest,zh_uster,6,3450,226
mistralai,ministral-8b-latest,zh_winterthur,5,3164,214
mistralai,ministral-8b-latest,zukunft,4,2732,167
mistralai,mistral-large-latest,acp,20,5530,330
mistralai,mistral-large-latest,auscj,3,4967,331
mistralai,mistral-large-latest,biobanking_wa,16,5475,343
mistralai,mistral-large-latest,ccps,7,3678,253
mistralai,mistral-large-latest,ds_aargau,15,3787,248
mistralai,mistral-large-latest,ds_bellinzona,11,3797,239
mistralai,mistral-large-latest,energy_futures,9,5336,330
mistralai,mistral-large-latest,fnqcj,13,4881,291
mistralai,mistral-large-latest,forestera,1,5237,318
mistralai,mistral-large-latest,fremantle,10,4246,262
mistralai,mistral-large-latest,swiss_health,9,3080,188
mistralai,mistral-large-latest,uppsala_speaks,17,3991,299
mistralai,mistral-large-latest,zh_thalwil,8,3676,237
mistralai,mistral-large-latest,zh_uster,10,3751,239
mistralai,mistral-large-latest,zh_winterthur,5,3454,222
mistralai,mistral-large-latest,zukunft,4,2973,172
mistralai,mistral-small-latest,acp,14,5132,320
mistralai,mistral-small-latest,auscj,16,4478,317
mistralai,mistral-small-latest,bep,18,4393,298
mistralai,mistral-small-latest,biobanking_mayo_ubc,20,3862,273
mistralai,mistral-small-latest,biobanking_wa,18,5098,341
mistralai,mistral-small-latest,ccps,20,3409,243
mistralai,mistral-small-latest,ds_aargau,18,3474,242
mistralai,mistral-small-latest,ds_bellinzona,19,3483,234
mistralai,mistral-small-latest,energy_futures,19,4796,322
mistralai,mistral-small-latest,fnqcj,20,4555,282
mistralai,mistral-small-latest,forestera,17,4806,313
mistralai,mistral-small-latest,fremantle,12,3898,257
mistralai,mistral-small-latest,gbr,15,3850,248
mistralai,mistral-small-latest,swiss_health,15,2824,187
mistralai,mistral-small-latest,uppsala_speaks,19,3693,293
mistralai,mistral-small-latest,valsamoggia,20,4351,246
mistralai,mistral-small-latest,zh_thalwil,18,3375,228
mistralai,mistral-small-latest,zh_uster,12,3449,229
mistralai,mistral-small-latest,zh_winterthur,12,3164,212
mistralai,mistral-small-latest,zukunft,17,2732,162
mistralai,open-mistral-7b,acp,1,5574,352
mistralai,open-mistral-7b,bep,4,4794,317
mistralai,open-mistral-7b,biobanking_mayo_ubc,3,4187,298
mistralai,open-mistral-7b,biobanking_wa,1,5498,353
mistralai,open-mistral-7b,ccps,5,3687,287
mistralai,open-mistral-7b,ds_aargau,4,3787,258
mistralai,open-mistral-7b,ds_bellinzona,5,3797,271
mistralai,open-mistral-7b,energy_futures,1,5339,351
mistralai,open-mistral-7b,fnqcj,3,4918,355
mistralai,open-mistral-7b,forestera,1,5285,374
mistralai,open-mistral-7b,fremantle,3,4255,286
mistralai,open-mistral-7b,swiss_health,5,3080,220
mistralai,open-mistral-7b,uppsala_speaks,1,3991,325
mistralai,open-mistral-7b,valsamoggia,1,4690,281
mistralai,open-mistral-7b,zh_thalwil,5,3676,276
mistralai,open-mistral-7b,zh_uster,3,3751,250
mistralai,open-mistral-7b,zh_winterthur,4,3454,240
mistralai,open-mistral-7b,zukunft,4,2973,197
mistralai,open-mistral-nemo,acp,6,5146,327
mistralai,open-mistral-nemo,auscj,1,4480,312
mistralai,open-mistral-nemo,bep,2,4394,300
mistralai,open-mistral-nemo,biobanking_mayo_ubc,5,3862,269
mistralai,open-mistral-nemo,biobanking_wa,6,5111,342
mistralai,open-mistral-nemo,ccps,4,3414,238
mistralai,open-mistral-nemo,ds_aargau,7,3474,232
mistralai,open-mistral-nemo,ds_bellinzona,4,3483,226
mistralai,open-mistral-nemo,energy_futures,9,4799,320
mistralai,open-mistral-nemo,fnqcj,5,4562,285
mistralai,open-mistral-nemo,forestera,10,4824,319
mistralai,open-mistral-nemo,fremantle,5,3891,240
mistralai,open-mistral-nemo,gbr,1,3847,246
mistralai,open-mistral-nemo,swiss_health,6,2824,176
mistralai,open-mistral-nemo,uppsala_speaks,6,3694,292
mistralai,open-mistral-nemo,valsamoggia,5,4350,235
mistralai,open-mistral-nemo,zh_thalwil,7,3375,223
mistralai,open-mistral-nemo,zh_uster,6,3450,222
mistralai,open-mistral-nemo,zh_winterthur,2,3164,207
mistralai,open-mistral-nemo,zukunft,5,2733,155
mistralai,open-mixtral-8x22b,acp,27,5546,339
mistralai,open-mixtral-8x22b,auscj,28,4967,329
mistralai,open-mixtral-8x22b,bep,24,4793,306
mistralai,open-mixtral-8x22b,biobanking_mayo_ubc,29,4190,286
mistralai,open-mixtral-8x22b,biobanking_wa,29,5492,351
mistralai,open-mixtral-8x22b,ccps,26,3700,263
mistralai,open-mixtral-8x22b,ds_aargau,27,3787,249
mistralai,open-mixtral-8x22b,ds_bellinzona,27,3797,245
mistralai,open-mixtral-8x22b,energy_futures,28,5350,345
mistralai,open-mixtral-8x22b,fnqcj,24,4893,310
mistralai,open-mixtral-8x22b,forestera,28,5284,347
mistralai,open-mixtral-8x22b,fremantle,26,4254,269
mistralai,open-mixtral-8x22b,gbr,23,4212,259
mistralai,open-mixtral-8x22b,swiss_health,27,3080,192
mistralai,open-mixtral-8x22b,uppsala_speaks,30,3990,302
mistralai,open-mixtral-8x22b,valsamoggia,24,4675,264
mistralai,open-mixtral-8x22b,zh_thalwil,25,3676,239
mistralai,open-mixtral-8x22b,zh_uster,24,3750,238
mistralai,open-mixtral-8x22b,zh_winterthur,25,3454,222
mistralai,open-mixtral-8x22b,zukunft,18,2973,173
mistralai,open-mixtral-8x7b,acp,17,5564,341
mistralai,open-mixtral-8x7b,auscj,16,4997,329
mistralai,open-mixtral-8x7b,bep,18,4823,308
mistralai,open-mixtral-8x7b,biobanking_mayo_ubc,15,4220,290
mistralai,open-mixtral-8x7b,biobanking_wa,18,5522,357
mistralai,open-mixtral-8x7b,ccps,10,3716,259
mistralai,open-mixtral-8x7b,ds_aargau,15,3817,254
mistralai,open-mixtral-8x7b,ds_bellinzona,17,3827,247
mistralai,open-mixtral-8x7b,energy_futures,11,5369,356
mistralai,open-mixtral-8x7b,fnqcj,13,4909,307
mistralai,open-mixtral-8x7b,forestera,15,5292,342
mistralai,open-mixtral-8x7b,gbr,19,4242,266
mistralai,open-mixtral-8x7b,swiss_health,17,3110,196
mistralai,open-mixtral-8x7b,uppsala_speaks,13,4020,312
mistralai,open-mixtral-8x7b,valsamoggia,13,4702,260
mistralai,open-mixtral-8x7b,zh_thalwil,16,3706,245
mistralai,open-mixtral-8x7b,zh_uster,15,3780,244
mistralai,open-mixtral-8x7b,zh_winterthur,11,3484,231
mistralai,open-mixtral-8x7b,zukunft,12,3003,177
openai,gpt-3.5-turbo,acp,19,4899,293
openai,gpt-3.5-turbo,auscj,14,4266,297
openai,gpt-3.5-turbo,bep,20,4178,273
openai,gpt-3.5-turbo,biobanking_mayo_ubc,20,3658,252
openai,gpt-3.5-turbo,biobanking_wa,19,4888,323
openai,gpt-3.5-turbo,ccps,20,3266,233
openai,gpt-3.5-turbo,ds_aargau,19,3353,230
openai,gpt-3.5-turbo,ds_bellinzona,19,3355,230
openai,gpt-3.5-turbo,energy_futures,20,4590,297
openai,gpt-3.5-turbo,fnqcj,19,4369,263
openai,gpt-3.5-turbo,forestera,14,4555,283
openai,gpt-3.5-turbo,fremantle,18,3756,236
openai,gpt-3.5-turbo,gbr,20,3606,241
openai,gpt-3.5-turbo,swiss_health,19,2726,179
openai,gpt-3.5-turbo,uppsala_speaks,19,3518,271
openai,gpt-3.5-turbo,valsamoggia,20,4227,217
openai,gpt-3.5-turbo,zh_thalwil,20,3254,219
openai,gpt-3.5-turbo,zh_uster,19,3326,214
openai,gpt-3.5-turbo,zh_winterthur,20,3031,199
openai,gpt-3.5-turbo,zukunft,20,2667,160
openai,gpt-4,acp,1,4899,285
openai,gpt-4,auscj,1,4267,280
openai,gpt-4,bep,1,4192,267
openai,gpt-4,biobanking_mayo_ubc,1,3658,244
openai,gpt-4,biobanking_wa,1,4889,297
openai,gpt-4,ccps,1,3266,216
openai,gpt-4,ds_aargau,1,3353,215
openai,gpt-4,ds_bellinzona,1,3354,210
openai,gpt-4,energy_futures,1,4590,285
openai,gpt-4,fnqcj,1,4370,252
openai,gpt-4,forestera,1,4576,277
openai,gpt-4,fremantle,1,3757,227
openai,gpt-4,gbr,1,3606,225
openai,gpt-4,swiss_health,1,2726,166
openai,gpt-4,uppsala_speaks,1,3532,261
openai,gpt-4,valsamoggia,1,4226,224
openai,gpt-4,zh_thalwil,1,3264,206
openai,gpt-4,zh_uster,1,3336,206
openai,gpt-4,zh_winterthur,1,3041,198
openai,gpt-4,zukunft,1,2668,152
openai,gpt-4-turbo,acp,2,4899,281
openai,gpt-4-turbo,auscj,2,4267,282
openai,gpt-4-turbo,bep,2,4192,266
openai,gpt-4-turbo,biobanking_mayo_ubc,2,3658,242
openai,gpt-4-turbo,biobanking_wa,2,4889,295
openai,gpt-4-turbo,ccps,2,3266,219
openai,gpt-4-turbo,ds_aargau,2,3353,218
openai,gpt-4-turbo,ds_bellinzona,2,3356,213
openai,gpt-4-turbo,energy_futures,2,4590,288
openai,gpt-4-turbo,fnqcj,2,4370,251
openai,gpt-4-turbo,forestera,2,4575,276
openai,gpt-4-turbo,fremantle,2,3757,224
openai,gpt-4-turbo,gbr,2,3606,223
openai,gpt-4-turbo,swiss_health,2,2726,166
openai,gpt-4-turbo,uppsala_speaks,2,3532,261
openai,gpt-4-turbo,valsamoggia,2,4227,223
openai,gpt-4-turbo,zh_thalwil,2,3264,208
openai,gpt-4-turbo,zh_uster,2,3336,208
openai,gpt-4-turbo,zh_winterthur,2,3041,198
openai,gpt-4-turbo,zukunft,2,2668,152
openai,gpt-4o,acp,10,4859,283
openai,gpt-4o,auscj,10,4199,280
openai,gpt-4o,bep,10,4148,264
openai,gpt-4o,biobanking_mayo_ubc,10,3645,240
openai,gpt-4o,biobanking_wa,10,4849,296
openai,gpt-4o,ccps,10,3218,216
openai,gpt-4o,ds_aargau,10,3317,217
openai,gpt-4o,ds_bellinzona,10,3324,211
openai,gpt-4o,energy_futures,10,4524,287
openai,gpt-4o,fnqcj,10,4306,249
openai,gpt-4o,forestera,10,4544,274
openai,gpt-4o,fremantle,10,3740,226
openai,gpt-4o,gbr,10,3582,223
openai,gpt-4o,swiss_health,10,2722,166
openai,gpt-4o,uppsala_speaks,10,3509,262
openai,gpt-4o,valsamoggia,10,4204,218
openai,gpt-4o,zh_thalwil,10,3232,207
openai,gpt-4o,zh_uster,10,3282,206
openai,gpt-4o,zh_winterthur,10,3014,196
openai,gpt-4o,zukunft,10,2664,152
openai,gpt-4o-mini,acp,20,4856,280
openai,gpt-4o-mini,auscj,20,4198,282
openai,gpt-4o-mini,bep,20,4147,265
openai,gpt-4o-mini,biobanking_mayo_ubc,20,3645,239
openai,gpt-4o-mini,biobanking_wa,20,4848,298
openai,gpt-4o-mini,ccps,20,3218,216
openai,gpt-4o-mini,ds_aargau,20,3317,216
openai,gpt-4o-mini,ds_bellinzona,19,3324,210
openai,gpt-4o-mini,energy_futures,20,4523,288
openai,gpt-4o-mini,fnqcj,20,4306,249
openai,gpt-4o-mini,forestera,20,4543,275
openai,gpt-4o-mini,fremantle,20,3737,224
openai,gpt-4o-mini,gbr,20,3582,223
openai,gpt-4o-mini,swiss_health,20,2720,165
openai,gpt-4o-mini,uppsala_speaks,20,3508,261
openai,gpt-4o-mini,valsamoggia,20,4202,216
openai,gpt-4o-mini,zh_thalwil,19,3231,205
openai,gpt-4o-mini,zh_uster,18,3282,205
openai,gpt-4o-mini,zh_winterthur,20,3012,195
openai,gpt-4o-mini,zukunft,20,2661,149
